epoch,train_loss,val_loss,train_main,val_main,train_temporal,val_temporal,train_frequency,val_frequency,val_near_lower,val_near_upper,lr,skipped,skipped_nonfinite_loss,skipped_nonfinite_grad,amp_scale_start,amp_scale_end,train_raw_nonfinite,val_raw_nonfinite
1,5.754693712506976,5.499140357971191,5.711325934955052,5.457261180877685,0.8673555787120547,0.8375842928886413,0.0,0.0,0.0,0.0,9.999383162408304e-05,0,0,0,0.0,0.0,0.0,0.0
2,5.222588011196682,4.881149387359619,5.179468274116516,4.835584831237793,0.8623950204678944,0.911290168762207,0.0,0.0,0.0,0.0,9.997532801828658e-05,0,0,0,0.0,0.0,0.0,0.0
3,4.6696664946419855,4.344168996810913,4.621818218912397,4.294107055664062,0.956965982913971,1.0012399077415466,0.0,0.0,0.0,0.0,9.994449374809851e-05,0,0,0,0.0,0.0,0.0,0.0
4,4.249106679643903,3.939667844772339,4.197232212339129,3.887891483306885,1.0374898250613893,1.035528802871704,0.0,0.0,0.0,0.0,9.990133642141359e-05,0,0,0,0.0,0.0,0.0,0.0
5,3.9322342617171153,3.5792595863342287,3.8790120482444763,3.5269580364227293,1.0644454934767313,1.046032691001892,0.0,0.0,0.0,0.0,9.98458666866564e-05,0,0,0,0.0,0.0,0.0,0.0
6,3.6558763214520047,3.2946961402893065,3.602279552391597,3.243353748321533,1.0719351087297713,1.0268476128578186,0.0,0.0,0.0,0.0,9.9778098230154e-05,0,0,0,0.0,0.0,0.0,0.0
7,3.346357694693974,3.0335988998413086,3.2960606728281294,2.985364484786987,1.0059402670179094,0.964688503742218,0.0,0.0,0.0,0.0,9.9698047772759e-05,0,0,0,0.0,0.0,0.0,0.0
8,3.1167813454355513,2.814651536941528,3.0710234812327792,2.772699737548828,0.9151577800512314,0.8390362977981567,0.0,0.0,0.0,0.0,9.96057350657239e-05,0,0,0,0.0,0.0,0.0,0.0
9,2.9593651550156728,2.6609918594360353,2.9193233166422163,2.626081705093384,0.8008365418229785,0.6982035398483276,0.0,0.0,0.0,0.0,9.950118288582787e-05,0,0,0,0.0,0.0,0.0,0.0
10,2.8006506306784495,2.5305516719818115,2.7674820508275713,2.5008668899536133,0.6633720099925995,0.5936959564685822,0.0,0.0,0.0,0.0,9.938441702975689e-05,0,0,0,0.0,0.0,0.0,0.0
11,2.7037225365638733,2.408286619186401,2.675504309790475,2.383715009689331,0.5643644843782697,0.4914319396018982,0.0,0.0,0.0,0.0,9.925546630773869e-05,0,0,0,0.0,0.0,0.0,0.0
12,2.5909238287380765,2.356818962097168,2.5670544505119324,2.335553789138794,0.47738780081272125,0.42530447244644165,0.0,0.0,0.0,0.0,9.911436253643444e-05,0,0,0,0.0,0.0,0.0,0.0
13,2.546654318060194,2.328058052062988,2.5261655875614712,2.309724283218384,0.4097738904612405,0.3666748821735382,0.0,0.0,0.0,0.0,9.896114053108829e-05,0,0,0,0.0,0.0,0.0,0.0
14,2.4407465968813216,2.216243767738342,2.4229968190193176,2.2002307176589966,0.35499540503535953,0.3202594995498657,0.0,0.0,0.0,0.0,9.879583809693738e-05,0,0,0,0.0,0.0,0.0,0.0
15,2.358905724116734,2.2101621627807617,2.3432219198771884,2.1956276178359984,0.3136760656322752,0.2906922698020935,0.0,0.0,0.0,0.0,9.861849601988384e-05,0,0,0,0.0,0.0,0.0,0.0
16,2.3218457656247273,2.1862648725509644,2.307562925985881,2.173207139968872,0.28565678532634464,0.2611547291278839,0.0,0.0,0.0,0.0,9.842915805643157e-05,0,0,0,0.0,0.0,0.0,0.0
17,2.335967017071588,2.14496853351593,2.32269617489406,2.132576084136963,0.2654171240116869,0.24784951508045197,0.0,0.0,0.0,0.0,9.822787092288992e-05,0,0,0,0.0,0.0,0.0,0.0
18,2.2434787111622945,2.1615018129348753,2.2303556161267415,2.149334168434143,0.2624616873051439,0.24335323870182038,0.0,0.0,0.0,0.0,9.801468428384718e-05,0,0,0,0.0,0.0,0.0,0.0
19,2.235078994716917,2.1132311820983887,2.222588526351111,2.101739192008972,0.24980911293200084,0.22983878552913667,0.0,0.0,0.0,0.0,9.778965073991652e-05,0,0,0,0.0,0.0,0.0,0.0
20,2.1901531517505646,2.112820529937744,2.1778298957007274,2.101219320297241,0.24646496825984546,0.23202382028102875,0.0,0.0,0.0,0.0,9.75528258147577e-05,0,0,0,0.0,0.0,0.0,0.0
21,2.166187618459974,2.1266142606735228,2.153888553380966,2.1151647090911867,0.24598131009510585,0.2289899319410324,0.0,0.0,0.0,0.0,9.730426794137729e-05,0,0,0,0.0,0.0,0.0,0.0
22,2.0818133652210236,2.1178223848342896,2.0696376093796323,2.1062004804611205,0.24351538132343972,0.23243837654590607,0.0,0.0,0.0,0.0,9.70440384477113e-05,0,0,0,0.0,0.0,0.0,0.0
23,2.0578776555401936,2.113824248313904,2.04568755200931,2.1026555061340333,0.24380226167184965,0.22337490916252137,0.0,0.0,0.0,0.0,9.67722015414934e-05,0,0,0,0.0,0.0,0.0,0.0
24,2.1028059252670834,2.205331039428711,2.09070172054427,2.1936913967132567,0.2420839960021632,0.23279228210449218,0.0,0.0,0.0,0.0,9.64888242944126e-05,0,0,0,0.0,0.0,0.0,0.0
25,1.9751668913023812,2.2320830106735228,1.9632474184036255,2.2207688808441164,0.2383898917053427,0.226282000541687,0.0,0.0,0.0,0.0,9.619397662556436e-05,0,0,0,0.0,0.0,0.0,0.0
26,1.962626108101436,2.1339142322540283,1.9507765684809004,2.122574973106384,0.23699065989681653,0.2267851263284683,0.0,0.0,0.0,0.0,9.588773128419907e-05,0,0,0,0.0,0.0,0.0,0.0
27,1.9381240180560522,2.2681655406951906,1.926166785614831,2.2568655014038086,0.23914482018777303,0.22600081264972688,0.0,0.0,0.0,0.0,9.557016383177228e-05,0,0,0,0.0,0.0,0.0,0.0
28,1.9123149812221527,2.176896071434021,1.9001363217830658,2.165429472923279,0.24357309990695544,0.22933219075202943,0.0,0.0,4.882812376649781e-09,0.0,9.524135262330099e-05,0,0,0,0.0,0.0,0.0,0.0
29,1.8405074179172516,2.2613659381866453,1.8287812769412994,2.250322198867798,0.23452288710645267,0.22087506353855133,0.0,0.0,6.867009687994141e-07,0.0,9.49013787880308e-05,0,0,0,0.0,0.0,0.0,0.0
30,1.8574319737298148,2.2793067693710327,1.8455185549599784,2.268096852302551,0.23826823170695985,0.22419734597206115,0.0,0.0,3.63769504474476e-06,0.0,9.455032620941841e-05,0,0,0,0.0,0.0,0.0,0.0
31,1.8152061998844147,2.188660669326782,1.803375972168786,2.1772292852401733,0.23660467405404365,0.22862839996814727,0.0,0.0,3.173827963109943e-07,0.0,9.418828150443471e-05,0,0,0,0.0,0.0,0.0,0.0
32,1.76339390873909,2.352042484283447,1.7514912230627877,2.3405927181243897,0.23805353471211024,0.2289959281682968,0.0,0.0,7.1266866143560035e-06,0.0,9.381533400219321e-05,0,0,0,0.0,0.0,0.0,0.0
33,1.7746767444269997,2.3270283460617067,1.7627356137548174,2.3153075218200683,0.23882279491850308,0.23441671431064606,0.0,0.0,1.1616654660429049e-06,0.0,9.343157572190959e-05,0,0,0,0.0,0.0,0.0,0.0
34,1.6300701328686305,2.290024161338806,1.6183526260512215,2.2789167165756226,0.234350145395313,0.22214911580085756,0.0,0.0,3.5941937824190974e-06,0.0,9.303710135019721e-05,0,0,0,0.0,0.0,0.0,0.0
35,1.638947878565107,2.443543481826782,1.6273901632853918,2.4319923400878904,0.23115450835653714,0.23102329969406127,0.0,0.0,7.749467181383807e-06,0.0,9.263200821770464e-05,0,0,0,0.0,0.0,0.0,0.0
36,1.619542453970228,2.248203492164612,1.6077696893896376,2.2368496894836425,0.23545529267617635,0.22707622051239013,0.0,0.0,3.963068010648385e-06,0.0,9.221639627510079e-05,0,0,0,0.0,0.0,0.0,0.0
37,1.6481069709573473,2.423865556716919,1.6366155360426222,2.4126544713974,0.22982872330716678,0.22422218024730683,0.0,0.0,1.6403586073465704e-05,0.0,9.179036806841354e-05,0,0,0,0.0,0.0,0.0,0.0
38,1.603646925517491,2.48890700340271,1.592081321137292,2.477528119087219,0.23131201842001506,0.22757782340049743,0.0,0.0,2.3227538622450084e-05,0.0,9.135402871372811e-05,0,0,0,0.0,0.0,0.0,0.0
39,1.5529303422995977,2.3703057527542115,1.5413423776626587,2.3589858293533323,0.23175937150205886,0.2263981431722641,0.0,0.0,1.5482510207220912e-05,0.0,9.09074858712512e-05,0,0,0,0.0,0.0,0.0,0.0
40,1.5597374864986964,2.4223872423171997,1.5485031477042608,2.4113275527954103,0.2246867993048259,0.22119407653808593,0.0,0.0,3.4329277968936364e-05,0.0,9.04508497187474e-05,0,0,0,0.0,0.0,0.0,0.0
41,1.509681177990777,2.4599764585494994,1.4983665176800318,2.4488744735717773,0.22629314767462866,0.22204007506370543,0.0,0.0,7.24338591680862e-05,0.0,8.998423292435457e-05,0,0,0,0.0,0.0,0.0,0.0
42,1.4823370277881622,2.3590716123580933,1.471261386360441,2.348186469078064,0.2215130174798625,0.21770272254943848,0.0,0.0,5.7370825197722296e-05,0.0,8.950775061878454e-05,0,0,0,0.0,0.0,0.0,0.0
43,1.5353278049400874,2.5387460708618166,1.5240384766033717,2.5276259899139406,0.2257865411894662,0.22240253984928132,0.0,0.0,0.00010238014801871032,0.0,8.902152036691652e-05,0,0,0,0.0,0.0,0.0,0.0
44,1.4505242577620916,2.552540636062622,1.4394546491759164,2.541389298439026,0.22139196576816694,0.22302679121494293,0.0,0.0,0.00010287597360729706,0.0,8.85256621387895e-05,0,0,0,0.0,0.0,0.0,0.0
45,1.4881831407546997,2.5195620536804197,1.4771943475518907,2.5084733963012695,0.21977599603789194,0.22177242040634154,0.0,0.0,0.00012846102254115976,0.0,8.80202982800016e-05,0,0,0,0.0,0.0,0.0,0.0
46,1.4737288526126318,2.5139006614685058,1.4625230857304163,2.50272958278656,0.22411526846034185,0.2234208583831787,0.0,0.0,8.951704330684152e-05,0.0,8.750555348152302e-05,0,0,0,0.0,0.0,0.0,0.0
47,1.4135727158614568,2.569142150878906,1.4025657560144151,2.558409261703491,0.22013926239950315,0.21465799808502198,0.0,0.0,0.00018576038237370086,0.0,8.698155474893052e-05,0,0,0,0.0,0.0,0.0,0.0
48,1.4162471549851554,2.6297699928283693,1.4053853111607688,2.6189279556274414,0.21723678814513342,0.21684098541736602,0.0,0.0,0.00018553666013758628,0.0,8.644843137107061e-05,0,0,0,0.0,0.0,0.0,0.0
49,1.3679615088871546,2.5183854341506957,1.3571568855217524,2.5076783180236815,0.2160926333495549,0.21414248645305634,0.0,0.0,0.0002752357002464123,0.0,8.590631488815948e-05,0,0,0,0.0,0.0,0.0,0.0
50,1.374359701360975,2.62589430809021,1.3635343611240387,2.6151757717132567,0.21650691543306624,0.21437117457389832,0.0,0.0,0.0003524205356370658,0.0,8.53553390593274e-05,0,0,0,0.0,0.0,0.0,0.0
51,1.3465754560061864,2.60059175491333,1.3357298459325517,2.589849019050598,0.21691210674388067,0.21485481262207032,0.0,0.0,0.0002767919875623193,0.0,8.479563982961574e-05,0,0,0,0.0,0.0,0.0,0.0
52,1.330240813749177,2.5588080167770384,1.3195044100284576,2.548089551925659,0.21472798820052827,0.21436918079853057,0.0,0.0,0.0004908291884930804,0.0,8.422735529643446e-05,0,0,0,0.0,0.0,0.0,0.0
53,1.291228515761239,2.6121912717819216,1.2805729125227248,2.6015034437179567,0.2131121243749346,0.21375550627708434,0.0,0.0,0.0005817764278617688,0.0,8.365062567548869e-05,0,0,0,0.0,0.0,0.0,0.0
54,1.2845929839781352,2.7002169132232665,1.2739137070519584,2.6897422790527346,0.21358551936490194,0.2094924658536911,0.0,0.0,0.0005362655254430137,0.0,8.306559326618262e-05,0,0,0,0.0,0.0,0.0,0.0
55,1.2438182064465113,2.601106786727905,1.2330891638994217,2.5905802726745604,0.21458073066813604,0.21053024232387543,0.0,0.0,0.00034790703357430176,0.0,8.24724024165092e-05,0,0,0,0.0,0.0,0.0,0.0
56,1.2403206356934138,2.6943280935287475,1.2297172120639257,2.683750534057617,0.21206847152539662,0.21155087649822235,0.0,0.0,0.0005210027360590175,0.0,8.187119948743451e-05,0,0,0,0.0,0.0,0.0,0.0
57,1.227504014968872,2.6000036239624023,1.2170088738203049,2.589503526687622,0.20990290545991488,0.21000151932239533,0.0,0.0,0.0006092182826250792,0.0,8.126213281678529e-05,0,0,0,0.0,0.0,0.0,0.0
58,1.2160618305206299,2.6310884952545166,1.2054116917507989,2.620536184310913,0.21300253857459342,0.2110464245080948,0.0,0.0,0.0005523814703337848,0.0,8.064535268264886e-05,0,0,0,0.0,0.0,0.0,0.0
59,1.183857975261552,2.6818275451660156,1.1734694987535477,2.671303367614746,0.20776956262333052,0.21048350632190704,0.0,0.0,0.0007320112606976181,0.0,8.002101126629424e-05,0,0,0,0.0,0.0,0.0,0.0
60,1.1727687631334578,2.733796405792236,1.1623533048800059,2.7235225200653077,0.20830897774015153,0.2054773449897766,0.0,0.0,0.0006414768140530214,0.0,7.93892626146237e-05,0,0,0,0.0,0.0,0.0,0.0
61,1.233619640980448,2.851737356185913,1.223072064774377,2.8413551330566404,0.2109514879328864,0.20764522552490233,0.0,0.0,0.001392286003101617,0.0,7.875026260216396e-05,0,0,0,0.0,0.0,0.0,0.0
62,1.2048610342400414,2.8003977298736573,1.194256725055831,2.78979287147522,0.21208590588399343,0.21209720075130462,0.0,0.0,0.0011974591470789164,0.0,7.810416889260657e-05,0,0,0,0.0,0.0,0.0,0.0
63,1.1660353243350983,2.7182828426361083,1.1555390315396445,2.707918310165405,0.20992564197097505,0.2072914093732834,0.0,0.0,0.0024890974978916346,0.0,7.745114089990662e-05,0,0,0,0.0,0.0,0.0,0.0
64,1.1531842329672404,2.7199976444244385,1.1427948943206243,2.7093464374542235,0.20778682455420494,0.2130250781774521,0.0,0.0,0.0011807607748778536,0.0,7.679133974894986e-05,0,0,0,0.0,0.0,0.0,0.0
65,1.1632343807390757,2.6585488319396973,1.1527341263634818,2.647886562347412,0.21000504227621214,0.21324454247951508,0.0,0.0,0.0017071288486476988,0.0,7.612492823579748e-05,0,0,0,0.0,0.0,0.0,0.0
66,1.1643780980791365,2.679428315162659,1.1540741154125758,2.6689682245254516,0.20607953571847507,0.20920147001743317,0.0,0.0,0.0016446617140900345,0.0,7.54520707875186e-05,0,0,0,0.0,0.0,0.0,0.0
67,1.0873560969318663,2.846465301513672,1.0770378112792969,2.8362028121948244,0.20636572795254843,0.2052493155002594,0.0,0.0,0.001469720306340605,0.0,7.477293342162041e-05,0,0,0,0.0,0.0,0.0,0.0
68,1.084264657327107,2.657876467704773,1.0738552936485835,2.6475152492523195,0.2081874247108187,0.20722396075725555,0.0,0.0,0.001568894216325134,0.0,7.408768370508579e-05,0,0,0,0.0,0.0,0.0,0.0
69,1.0870547997100013,2.697288465499878,1.0766703486442566,2.6868379592895506,0.20768876426986285,0.2090109705924988,0.0,0.0,0.0014987153641413896,0.0,7.339649071302871e-05,0,0,0,0.0,0.0,0.0,0.0
70,1.0396658735615867,2.8309120655059816,1.0293407440185547,2.820560598373413,0.20650263822504453,0.20702992081642152,0.0,0.0,0.002332187397405505,0.0,7.269952498697738e-05,0,0,0,0.0,0.0,0.0,0.0
71,1.0559673458337784,2.627998971939087,1.0455349598612105,2.617430830001831,0.2086476869881153,0.211362424492836,0.0,0.0,0.0018146519432775676,0.0,7.199695849279579e-05,0,0,0,0.0,0.0,0.0,0.0
72,1.0395873465708323,2.9204787254333495,1.0292791447469167,2.9101054191589357,0.20616390396441733,0.20746720731258392,0.0,0.0,0.002355190343223512,0.0,7.128896457825367e-05,0,0,0,0.0,0.0,0.0,0.0
73,0.9628987887075969,2.7095381736755373,0.9525078960827419,2.6990842819213867,0.20781788815345084,0.20907753109931945,0.0,0.0,0.0019790780206676573,0.0,7.057571793025548e-05,0,0,0,0.0,0.0,0.0,0.0
74,0.9752892468656812,2.803806114196777,0.9649917504617146,2.7936726570129395,0.2059498636850289,0.20266890823841094,0.0,0.0,0.0029391122166998684,0.0,6.985739453173907e-05,0,0,0,0.0,0.0,0.0,0.0
75,1.0574915898697717,2.8113475322723387,1.0471409537962504,2.800926923751831,0.2070127081658159,0.2084122896194458,0.0,0.0,0.002070005296263844,0.0,6.913417161825454e-05,0,0,0,0.0,0.0,0.0,0.0
76,0.9579190739563533,2.745829153060913,0.9476329215935299,2.7354702949523926,0.20572318030255182,0.20717721283435822,0.0,0.0,0.002304505871143192,0.0,6.840622763423395e-05,0,0,0,0.0,0.0,0.0,0.0
77,0.9882209854466575,2.783379316329956,0.9779827275446483,2.773011255264282,0.20476507076195308,0.2073613792657852,0.0,0.0,0.0022229522466659544,0.0,6.76737421889629e-05,0,0,0,0.0,0.0,0.0,0.0
78,0.9701344881738935,2.930991458892822,0.9599592217377254,2.920894908905029,0.2035052100462573,0.2019315242767334,0.0,0.0,0.0033018412301316856,0.0,6.693689601226463e-05,0,0,0,0.0,0.0,0.0,0.0
79,0.9319881583963122,2.9592679023742674,0.9217783212661743,2.949229621887207,0.20419671971883094,0.20076619386672973,0.0,0.0,0.003528730385005474,0.0,6.619587090990752e-05,0,0,0,0.0,0.0,0.0,0.0
80,0.9418382708515439,2.9135443210601806,0.931618720293045,2.9033910751342775,0.20439100159066065,0.2030651479959488,0.0,0.0,0.002843527076765895,0.0,6.545084971874741e-05,0,0,0,0.0,0.0,0.0,0.0
81,0.976976215839386,2.843802642822266,0.9668176429612296,2.833586263656616,0.20317142722862108,0.20432767271995544,0.0,0.0,0.003232678817585111,0.0,6.470201626161524e-05,0,0,0,0.0,0.0,0.0,0.0
82,0.9065868939672198,2.86608829498291,0.8964015713759831,2.8560750007629396,0.20370626343148096,0.2002660244703293,0.0,0.0,0.0030986224766820667,0.0,6.394955530196151e-05,0,0,0,0.0,0.0,0.0,0.0
83,0.9019517855984824,2.89371600151062,0.8918694619621549,2.883776807785034,0.20164648762771062,0.19878480732440948,0.0,0.0,0.0036449785577133296,0.0,6.319365249826868e-05,0,0,0,0.0,0.0,0.0,0.0
84,0.9054612687655857,2.9470669746398928,0.8953515525375094,2.937070608139038,0.20219435383166587,0.19992743730545043,0.0,0.0,0.003674616408534348,0.0,6.243449435824277e-05,0,0,0,0.0,0.0,0.0,0.0
85,0.8617106782538551,2.9286550521850585,0.8516746908426285,2.9186580657958983,0.20071969979575702,0.1999395579099655,0.0,0.0,0.0043893659487366675,0.0,6.167226819279531e-05,0,0,0,0.0,0.0,0.0,0.0
86,0.8778509604079383,2.8973012447357176,0.867803230881691,2.8873549461364747,0.2009545069720064,0.19892547130584717,0.0,0.0,0.004113310063257813,0.0,6.0907162069827175e-05,0,0,0,0.0,0.0,0.0,0.0
87,0.8560180642775127,2.8787178993225098,0.8460878602096013,2.868886947631836,0.19860402654324258,0.19661899507045746,0.0,0.0,0.005389520525932312,0.0,6.0139364767825674e-05,0,0,0,0.0,0.0,0.0,0.0
88,0.8707791460411889,2.8508670806884764,0.8607659531491143,2.8409696578979493,0.20026387061391557,0.19794728457927704,0.0,0.0,0.004715291457250715,0.0,5.9369065729286285e-05,0,0,0,0.0,0.0,0.0,0.0
89,0.8557864832026618,2.9076648712158204,0.84580326293196,2.897882652282715,0.19966433250478335,0.19564407765865327,0.0,0.0,0.005872276518493891,0.0,5.859645501397051e-05,0,0,0,0.0,0.0,0.0,0.0
90,0.8285260243075234,2.9320533752441404,0.8186220292534147,2.9223453998565674,0.19807990427528108,0.19416053891181945,0.0,0.0,0.006949123600497842,0.0,5.7821723252011586e-05,0,0,0,0.0,0.0,0.0,0.0
91,0.8356229662895203,2.943525505065918,0.8257003575563431,2.933620643615723,0.19845209377152578,0.19809758067131042,0.0,0.0,0.005477056908421219,0.0,5.704506159687918e-05,0,0,0,0.0,0.0,0.0,0.0
92,0.841266176530293,2.95267391204834,0.8312968292406627,2.943138313293457,0.19938694632479123,0.19071212112903596,0.0,0.0,0.008119839755818248,0.0,5.6266661678215264e-05,0,0,0,0.0,0.0,0.0,0.0
93,0.8223051599093846,2.978844499588013,0.8125447630882263,2.9693729400634767,0.1952079295047692,0.1894315302371979,0.0,0.0,0.007575938571244478,0.0,5.548671555455231e-05,0,0,0,0.0,0.0,0.0,0.0
94,0.7953249492815563,2.9405438899993896,0.7855152594191688,2.930719995498657,0.19619374402931758,0.1964783936738968,0.0,0.0,0.0060435642255470155,0.0,5.470541566592576e-05,0,0,0,0.0,0.0,0.0,0.0
95,0.7827477178403309,2.93737678527832,0.7729852242129189,2.9276918888092043,0.19524996993797167,0.19369766414165496,0.0,0.0,0.00646891500800848,0.0,5.392295478639229e-05,0,0,0,0.0,0.0,0.0,0.0
96,0.7858647406101227,3.032066249847412,0.7761630352054324,3.022645902633667,0.19403417621340072,0.18840661346912385,0.0,0.0,0.008077053260058165,0.0,5.313952597646572e-05,0,0,0,0.0,0.0,0.0,0.0
97,0.7549845320837838,2.933705472946167,0.7453163500343051,2.924104595184326,0.19336364418268204,0.19201802611351013,0.0,0.0,0.007927562622353435,0.0,5.235532253548217e-05,0,0,0,0.0,0.0,0.0,0.0
98,0.7366837135383061,2.929801511764526,0.7269639543124607,2.9201497554779055,0.19439525636179106,0.19303561449050904,0.0,0.0,0.007504113810136914,0.0,5.1570537953906453e-05,0,0,0,0.0,0.0,0.0,0.0
99,0.7583995589188167,3.0510363578796387,0.7487728872469493,3.041727304458618,0.19253340576376235,0.1861819863319397,0.0,0.0,0.009080104948952793,0.0,5.0785365865591074e-05,0,0,0,0.0,0.0,0.0,0.0
100,0.7232382073998451,2.939854860305786,0.7136392604027476,2.930286741256714,0.19197893089481763,0.1913621574640274,0.0,0.0,0.00738006024621427,0.0,5.0000000000000036e-05,0,0,0,0.0,0.0,0.0,0.0
101,0.7561538794210979,2.9708280086517336,0.7465482013566154,2.9613516330718994,0.19211344633783614,0.1895275115966797,0.0,0.0,0.008457662304863334,0.0,4.921463413440901e-05,0,0,0,0.0,0.0,0.0,0.0
102,0.7017275840044022,2.954064655303955,0.6921813807317189,2.944764423370361,0.1909242027572223,0.18600507080554962,0.0,0.0,0.008801228320226073,0.0,4.842946204609362e-05,0,0,0,0.0,0.0,0.0,0.0
103,0.7214323154517582,2.972005748748779,0.7119922446353095,2.9625752449035643,0.18880138226917811,0.18860996663570403,0.0,0.0,0.00971650257706642,0.0,4.76446774645179e-05,0,0,0,0.0,0.0,0.0,0.0
104,0.7030002389635358,3.0122940063476564,0.6934980217899595,3.003127670288086,0.19004435996924127,0.18332561552524568,0.0,0.0,0.011118276137858629,0.0,4.686047402353436e-05,0,0,0,0.0,0.0,0.0,0.0
105,0.6896964928933552,3.022421360015869,0.6802398211189679,3.01332950592041,0.1891333737543651,0.18183711171150208,0.0,0.0,0.012284569954499603,0.0,4.6077045213607793e-05,0,0,0,0.0,0.0,0.0,0.0
106,0.7122493364981243,3.1142059803009032,0.7029207242386681,3.105078411102295,0.18657229308571135,0.18255065083503724,0.0,0.0,0.011644178070127964,0.0,4.5294584334074315e-05,0,0,0,0.0,0.0,0.0,0.0
107,0.6738056944949287,2.966958475112915,0.6644273549318314,2.9579372882843016,0.18756680456655367,0.18042382895946502,0.0,0.0,0.012594519276171922,0.0,4.451328444544777e-05,0,0,0,0.0,0.0,0.0,0.0
108,0.6905955182654517,2.9823533058166505,0.6812661524329867,2.9731966495513915,0.18658736454589026,0.1831342726945877,0.0,0.0,0.01293642339296639,0.0,4.373333832178482e-05,0,0,0,0.0,0.0,0.0,0.0
109,0.6811196335724422,3.058036136627197,0.6718464153153556,3.049021768569946,0.18546444922685623,0.18028636276721954,0.0,0.0,0.012492110766470433,0.0,4.295493840312091e-05,0,0,0,0.0,0.0,0.0,0.0
110,0.6758637534720557,3.090345859527588,0.6666475374783788,3.0812631130218504,0.1843243267919336,0.18165467977523803,0.0,0.0,0.0129899175837636,0.0,4.2178276747988494e-05,0,0,0,0.0,0.0,0.0,0.0
111,0.6503760857241494,3.110146188735962,0.6411175429821014,3.1013322830200196,0.1851708676133837,0.17627888023853303,0.0,0.0,0.015245784353464843,0.0,4.1403544986029554e-05,0,0,0,0.0,0.0,0.0,0.0
112,0.6945325785449573,3.1355156898498535,0.6853486512388501,3.126657247543335,0.18367848651749746,0.17716833651065828,0.0,0.0,0.015191821567714214,0.0,4.063093427071381e-05,0,0,0,0.0,0.0,0.0,0.0
113,0.6494487023779324,3.1695744514465334,0.6403014468295234,3.1606794357299806,0.18294510724289076,0.17789953351020812,0.0,0.0,0.015900934347882867,0.0,3.986063523217442e-05,0,0,0,0.0,0.0,0.0,0.0
114,0.6380510915602956,3.174327278137207,0.628877077783857,3.165529155731201,0.18348021805286407,0.17596221566200257,0.0,0.0,0.015471112728118897,0.0,3.9092837930172925e-05,0,0,0,0.0,0.0,0.0,0.0
115,0.6668583048241479,3.169967031478882,0.6577418340103967,3.1611767292022703,0.18232933751174382,0.17580608725547792,0.0,0.0,0.01696708584204316,0.0,3.832773180720476e-05,0,0,0,0.0,0.0,0.0,0.0
116,0.6328425748007638,3.18623309135437,0.6237678346889359,3.1775410175323486,0.18149473252040998,0.1738409072160721,0.0,0.0,0.01740412008948624,0.0,3.7565505641757296e-05,0,0,0,0.0,0.0,0.0,0.0
117,0.6284363503967013,3.073706579208374,0.6193410445536885,3.0650006771087646,0.18190609184759005,0.17411847710609435,0.0,0.0,0.018008384946733715,0.0,3.680634750173139e-05,0,0,0,0.0,0.0,0.0,0.0
118,0.6399881414004734,3.1242887020111083,0.6309589413659913,3.115554094314575,0.18058400973677635,0.1746920734643936,0.0,0.0,0.018068020651116967,0.0,3.6050444698038574e-05,0,0,0,0.0,0.0,0.0,0.0
119,0.615812714610781,3.10873703956604,0.6067900668297496,3.1000897884368896,0.18045287419642722,0.17294528782367707,0.0,0.0,0.01961497785523534,0.0,3.5297983738384844e-05,0,0,0,0.0,0.0,0.0,0.0
120,0.6187050683157784,3.0819942951202393,0.6097260798726764,3.0733028411865235,0.17957972628729685,0.17382867336273194,0.0,0.0,0.019254885148257017,0.0,3.454915028125268e-05,0,0,0,0.0,0.0,0.0,0.0
121,0.6233277044125966,3.101673793792725,0.6143541038036346,3.0930130004882814,0.1794719249010086,0.17321650087833404,0.0,0.0,0.02019249489530921,0.0,3.380412909009256e-05,0,0,0,0.0,0.0,0.0,0.0
122,0.5948399273412568,3.0512138843536376,0.5857984104326793,3.042566680908203,0.18083028654967034,0.17294401824474334,0.0,0.0,0.020964029990136624,0.0,3.306310398773547e-05,0,0,0,0.0,0.0,0.0,0.0
123,0.6071915168847356,3.175632429122925,0.5982549765280315,3.167059326171875,0.17873082842145646,0.17146240472793578,0.0,0.0,0.021310009621083738,0.0,3.232625781103718e-05,0,0,0,0.0,0.0,0.0,0.0
124,0.5939486920833588,3.172385406494141,0.5850809684821537,3.163950729370117,0.17735446084822928,0.16869326829910278,0.0,0.0,0.024367587454617024,0.0,3.1593772365766146e-05,0,0,0,0.0,0.0,0.0,0.0
125,0.6181170514651707,3.201482963562012,0.6092299691268376,3.1930167198181154,0.1777416845517499,0.16932657957077027,0.0,0.0,0.02358186021447182,0.0,3.0865828381745554e-05,0,0,0,0.0,0.0,0.0,0.0
126,0.611994960478374,3.204521417617798,0.603157754455294,3.1960293769836428,0.17674409544893674,0.16984074413776398,0.0,0.0,0.02297396268695593,0.0,3.0142605468260995e-05,0,0,0,0.0,0.0,0.0,0.0
127,0.6039301061204502,3.1155557155609133,0.5950650828225272,3.1070008277893066,0.17730045744350978,0.17109763324260713,0.0,0.0,0.022701267898082734,0.0,2.9424282069744594e-05,0,0,0,0.0,0.0,0.0,0.0
128,0.5788188097732407,3.2594110488891603,0.5699176458375794,3.251043605804443,0.17802331383739198,0.16734745502471923,0.0,0.0,0.024707525223493575,0.0,2.87110354217464e-05,0,0,0,0.0,0.0,0.0,0.0
129,0.579219825565815,3.0958883285522463,0.5703676321676799,3.0873437404632567,0.17704386423741067,0.17089148759841918,0.0,0.0,0.024001879896968604,0.0,2.8003041507204272e-05,0,0,0,0.0,0.0,0.0,0.0
130,0.5686462298035622,3.0918881416320803,0.5599220703755107,3.0834734439849854,0.17448320825185096,0.16829407215118408,0.0,0.0,0.024911782797425987,0.0,2.7300475013022693e-05,0,0,0,0.0,0.0,0.0,0.0
131,0.5784382128289768,3.170954942703247,0.5696713072913033,3.162554693222046,0.1753381464098181,0.16800315380096437,0.0,0.0,0.027517557330429553,0.0,2.660350928697137e-05,0,0,0,0.0,0.0,0.0,0.0
132,0.5775298114333834,3.1512339115142822,0.5687506103089878,3.1428866386413574,0.1755840102476733,0.16694563925266265,0.0,0.0,0.027015442587435247,0.0,2.5912316294914256e-05,0,0,0,0.0,0.0,0.0,0.0
133,0.5481282110725131,3.222219705581665,0.5394767788904054,3.2140077114105225,0.1730286947318486,0.16424070298671722,0.0,0.0,0.028590764943510295,0.0,2.5227066578379644e-05,0,0,0,0.0,0.0,0.0,0.0
134,0.5744384803942272,3.1297977924346925,0.56569782857384,3.121416711807251,0.1748130156525544,0.16762204468250275,0.0,0.0,0.026834742818027734,0.0,2.454792921248146e-05,0,0,0,0.0,0.0,0.0,0.0
135,0.5753021729843957,3.209556770324707,0.566711428974356,3.2013102531433106,0.17181486849273955,0.16493030786514282,0.0,0.0,0.02973509980365634,0.0,2.3875071764202583e-05,0,0,0,0.0,0.0,0.0,0.0
136,0.5898230586733136,3.173795557022095,0.581147102372987,3.165555000305176,0.17351916432380676,0.16480998396873475,0.0,0.0,0.028907591290771962,0.0,2.320866025105018e-05,0,0,0,0.0,0.0,0.0,0.0
137,0.5563586641635213,3.1027085304260256,0.5476210191845894,3.094389772415161,0.17475290170737676,0.16637403070926665,0.0,0.0,0.028768834192305803,0.0,2.2548859100093427e-05,0,0,0,0.0,0.0,0.0,0.0
138,0.5259013612355504,3.1438718318939207,0.5172929412552288,3.1355638027191164,0.17216832882591657,0.1661607176065445,0.0,0.0,0.029197052586823702,0.0,2.1895831107393487e-05,0,0,0,0.0,0.0,0.0,0.0
139,0.5440746109400477,3.2273427963256838,0.5353947515998568,3.219186210632324,0.1735971405037812,0.16313184797763824,0.0,0.0,0.03124954700469971,0.0,2.1249737397836094e-05,0,0,0,0.0,0.0,0.0,0.0
140,0.5381566105144364,3.1491207122802733,0.5295638771993774,3.1409318923950194,0.1718546561896801,0.1637766718864441,0.0,0.0,0.0319943736307323,0.0,2.0610737385376373e-05,0,0,0,0.0,0.0,0.0,0.0
141,0.5403181165456772,3.2071306705474854,0.531819512801511,3.1989078521728516,0.1699721339557852,0.1644574895501137,0.0,0.0,0.03025747826322913,0.0,1.9978988733705828e-05,0,0,0,0.0,0.0,0.0,0.0
142,0.5559502105627742,3.1886949062347414,0.5473320005195481,3.1804783821105955,0.1723641556288515,0.16432968229055406,0.0,0.0,0.03160000117495656,0.0,1.935464731735119e-05,0,0,0,0.0,0.0,0.0,0.0
143,0.5651041514107159,3.247833824157715,0.5564950544919286,3.239713191986084,0.1721819287964276,0.16241263300180436,0.0,0.0,0.03346223942935467,0.0,1.873786718321476e-05,0,0,0,0.0,0.0,0.0,0.0
144,0.5269860018576894,3.2079520225524902,0.5184774281723159,3.1998980045318604,0.17017143592238426,0.16108161062002183,0.0,0.0,0.036271929554641244,0.0,1.812880051256553e-05,0,0,0,0.0,0.0,0.0,0.0
145,0.5546351000666618,3.187916898727417,0.5461191620145526,3.1797512054443358,0.17031878818358695,0.1633135050535202,0.0,0.0,0.0328486168757081,0.0,1.752759758349084e-05,0,0,0,0.0,0.0,0.0,0.0
146,0.5137846746615001,3.118151378631592,0.5052618448223386,3.109942674636841,0.17045652919581958,0.16417420506477357,0.0,0.0,0.033906455431133506,0.0,1.693440673381743e-05,0,0,0,0.0,0.0,0.0,0.0
147,0.5487341444407191,3.204400873184204,0.5401801105056491,3.196317768096924,0.17108069892440522,0.16166146099567413,0.0,0.0,0.03484821021556854,0.0,1.6349374324511345e-05,0,0,0,0.0,0.0,0.0,0.0
148,0.5290663125259536,3.1922213077545165,0.520537006003516,3.18412299156189,0.17058617089475905,0.1619667023420334,0.0,0.0,0.035907338839024305,0.0,1.577264470356558e-05,0,0,0,0.0,0.0,0.0,0.0
149,0.5388087672846658,3.2021989822387695,0.5303687953523227,3.1941858768463134,0.16879943758249283,0.160263329744339,0.0,0.0,0.0361580204218626,0.0,1.52043601703843e-05,0,0,0,0.0,0.0,0.0,0.0
150,0.5424962703670774,3.150577354431152,0.53399622546775,3.142391014099121,0.1700009794107505,0.16372636556625367,0.0,0.0,0.03459408776834607,0.0,1.4644660940672642e-05,0,0,0,0.0,0.0,0.0,0.0
151,0.503787270614079,3.1975096702575683,0.4952915289572307,3.189501905441284,0.16991490391748293,0.16015533208847046,0.0,0.0,0.03883852483704686,0.0,1.409368511184058e-05,0,0,0,0.0,0.0,0.0,0.0
152,0.5429325965898377,3.274384593963623,0.534490534237453,3.266387462615967,0.1688412624810423,0.1599426195025444,0.0,0.0,0.03807632783427835,0.0,1.3551568628929448e-05,0,0,0,0.0,0.0,0.0,0.0
153,0.5198163507240159,3.1766643047332765,0.5113812865955489,3.1686137199401854,0.16870111493127687,0.16101088225841523,0.0,0.0,0.03731678752228618,0.0,1.3018445251069524e-05,0,0,0,0.0,0.0,0.0,0.0
154,0.5269960846219744,3.1648123264312744,0.5185765123793057,3.1567452430725096,0.1683913953602314,0.16134132742881774,0.0,0.0,0.03738186620175839,0.0,1.2494446518477033e-05,0,0,0,0.0,0.0,0.0,0.0
155,0.5078990906476974,3.18697772026062,0.49944736595664707,3.178923749923706,0.16903453746012279,0.1610800012946129,0.0,0.0,0.0379851401783526,0.0,1.1979701719998467e-05,0,0,0,0.0,0.0,0.0,0.0
156,0.507265102650438,3.200853109359741,0.49884725362062454,3.1928316593170165,0.1683569885790348,0.16042935997247695,0.0,0.0,0.0396227702498436,0.0,1.1474337861210555e-05,0,0,0,0.0,0.0,0.0,0.0
157,0.5115032525999206,3.1890402317047117,0.503068106515067,3.181019687652588,0.1687028780579567,0.16041096150875092,0.0,0.0,0.04044640865176916,0.0,1.0978479633083532e-05,0,0,0,0.0,0.0,0.0,0.0
158,0.5043822867529733,3.1533732414245605,0.49601622777325766,3.1453718185424804,0.16732125410011836,0.1600281685590744,0.0,0.0,0.04113940242677927,0.0,1.0492249381215489e-05,0,0,0,0.0,0.0,0.0,0.0
159,0.5339395403862,3.220243310928345,0.5255572167890412,3.2122939586639405,0.16764654059495246,0.15898697078227997,0.0,0.0,0.04140170719474554,0.0,1.001576707564548e-05,0,0,0,0.0,0.0,0.0,0.0
160,0.5093397902590888,3.2345072269439696,0.5009147258741515,3.2265978813171388,0.16850131484014647,0.15818670839071275,0.0,0.0,0.042067557387053964,0.0,9.549150281252641e-06,0,0,0,0.0,0.0,0.0,0.0
161,0.5115395560860634,3.213069295883179,0.5031954124569893,3.2051532745361326,0.1668828081871782,0.15831992030143738,0.0,0.0,0.04204815477132797,0.0,9.092514128748843e-06,0,0,0,0.0,0.0,0.0,0.0
162,0.49960401015622274,3.189741325378418,0.49123512847082956,3.1818249225616455,0.16737762253199304,0.15832821726799012,0.0,0.0,0.04254340510815382,0.0,8.645971286271922e-06,0,0,0,0.0,0.0,0.0,0.0
163,0.5075658197913852,3.2487180709838865,0.4992734523756163,3.240886116027832,0.16584737971425056,0.15664018988609313,0.0,0.0,0.04466129951179028,0.0,8.209631931586505e-06,0,0,0,0.0,0.0,0.0,0.0
164,0.5161816797086171,3.254308271408081,0.5078658578651292,3.246451759338379,0.16631636821797915,0.15713042318820952,0.0,0.0,0.044267861545085906,0.0,7.783603724899264e-06,0,0,0,0.0,0.0,0.0,0.0
165,0.487264164856502,3.1916916847229,0.47893495857715607,3.1837980270385744,0.1665841085570199,0.1578737273812294,0.0,0.0,0.043335786834359166,0.0,7.367991782295409e-06,0,0,0,0.0,0.0,0.0,0.0
166,0.4976200833916664,3.196028470993042,0.4892955464976175,3.1881140232086183,0.16649071499705315,0.15828996747732163,0.0,0.0,0.043083921819925305,0.0,6.962898649802818e-06,0,0,0,0.0,0.0,0.0,0.0
167,0.48806178250483107,3.2234394550323486,0.47975545802286695,3.215558481216431,0.1661264401461397,0.15762058049440383,0.0,0.0,0.044762462936341764,0.0,6.56842427809044e-06,0,0,0,0.0,0.0,0.0,0.0
168,0.49075320682355333,3.144537591934204,0.4823763838836125,3.1366021633148193,0.16753646624939783,0.15870885252952577,0.0,0.0,0.04343538545072079,0.0,6.184665997806826e-06,0,0,0,0.0,0.0,0.0,0.0
169,0.49485303248677937,3.1942275047302244,0.48651245342833654,3.186374807357788,0.16681163332292012,0.1570535346865654,0.0,0.0,0.044819568656384944,0.0,5.8117184955653314e-06,0,0,0,0.0,0.0,0.0,0.0
170,0.5089463751230922,3.198928785324097,0.5005796743290765,3.19103798866272,0.16733401800904954,0.157816581428051,0.0,0.0,0.04501596353948116,0.0,5.449673790581615e-06,0,0,0,0.0,0.0,0.0,0.0
171,0.4881488499896867,3.214976119995117,0.4798787885478565,3.2071205615997314,0.16540133846657618,0.15711205899715425,0.0,0.0,0.04574711620807648,0.0,5.098621211969227e-06,0,0,0,0.0,0.0,0.0,0.0
172,0.4815995086516653,3.24448881149292,0.47330729982682634,3.236702251434326,0.16584419352667673,0.15573054254055024,0.0,0.0,0.04666619729250669,0.0,4.758647376699036e-06,0,0,0,0.0,0.0,0.0,0.0
173,0.5027238183787891,3.232485294342041,0.49440300996814457,3.2246644496917725,0.166416201208319,0.15641625225543976,0.0,0.0,0.04604888036847114,0.0,4.4298361682277505e-06,0,0,0,0.0,0.0,0.0,0.0
174,0.49645471040691647,3.20035080909729,0.4881178374801363,3.1925100326538085,0.1667374266045434,0.15681709051132203,0.0,0.0,0.04587720651179552,0.0,4.1122687158009574e-06,0,0,0,0.0,0.0,0.0,0.0
175,0.4888015634247235,3.2251962184906007,0.48061166810137884,3.217373991012573,0.16379788464733533,0.15644483119249344,0.0,0.0,0.046614480949938294,0.0,3.8060233744356773e-06,0,0,0,0.0,0.0,0.0,0.0
176,0.4928374407546861,3.1957953929901124,0.4845578521490097,3.187941074371338,0.16559175721236638,0.15708626359701156,0.0,0.0,0.045926295407116416,0.0,3.5111757055874354e-06,0,0,0,0.0,0.0,0.0,0.0
177,0.4833327404090336,3.195638561248779,0.4751040115952492,3.1877597332000733,0.16457459436995642,0.15757689177989959,0.0,0.0,0.04502116404473781,0.0,3.2277984585066336e-06,0,0,0,0.0,0.0,0.0,0.0
178,0.497465974518231,3.2387614250183105,0.4891947018248694,3.2309564113616944,0.16542538415108407,0.1561018109321594,0.0,0.0,0.04670395366847515,0.0,2.9559615522887294e-06,0,0,0,0.0,0.0,0.0,0.0
179,0.4970526673964092,3.238065576553345,0.4887761271425656,3.230253791809082,0.16553081944584846,0.1562359094619751,0.0,0.0,0.04661071095615625,0.0,2.6957320586227373e-06,0,0,0,0.0,0.0,0.0,0.0
180,0.47958438098430634,3.2199565410614013,0.4713402997170176,3.2121140003204345,0.16488167430673326,0.15685103684663773,0.0,0.0,0.04624772593379021,0.0,2.4471741852423254e-06,0,0,0,0.0,0.0,0.0,0.0
181,0.48668561769383295,3.227875232696533,0.4784060205732073,3.220063018798828,0.1655919248504298,0.15624601542949676,0.0,0.0,0.04659994449466467,0.0,2.2103492600834956e-06,0,0,0,0.0,0.0,0.0,0.0
182,0.48596428973334177,3.2356109619140625,0.47773650395018713,3.2278252124786375,0.1645556315779686,0.15571547895669938,0.0,0.0,0.047445773147046566,0.0,1.985315716152854e-06,0,0,0,0.0,0.0,0.0,0.0
183,0.5135869053857667,3.217397451400757,0.5053267723747662,3.209588861465454,0.16520270758441516,0.156171914935112,0.0,0.0,0.04686109255999327,0.0,1.7721290771101033e-06,0,0,0,0.0,0.0,0.0,0.0
184,0.495396620460919,3.2425543785095217,0.487196931881564,3.234773635864258,0.16399378861699784,0.15561486631631852,0.0,0.0,0.04738177228718996,0.0,1.5708419435684532e-06,0,0,0,0.0,0.0,0.0,0.0
185,0.48632760665246416,3.211661720275879,0.47808828204870224,3.203851413726807,0.16478649846145085,0.15620574057102204,0.0,0.0,0.046805962733924386,0.0,1.3815039801161736e-06,0,0,0,0.0,0.0,0.0,0.0
186,0.4867330363818577,3.199756622314453,0.4784761241504124,3.1919201374053956,0.16513820471508162,0.15673041790723802,0.0,0.0,0.04627640601247549,0.0,1.2041619030626351e-06,0,0,0,0.0,0.0,0.0,0.0
187,0.4837914173092161,3.210082244873047,0.47545535756008966,3.2022605895996095,0.16672121520553315,0.15643364042043686,0.0,0.0,0.046785551495850085,0.0,1.0388594689117082e-06,0,0,0,0.0,0.0,0.0,0.0
188,0.48806626881871906,3.227817106246948,0.47983172110148836,3.220022678375244,0.16469095274806023,0.15588828325271606,0.0,0.0,0.047371382266283034,0.0,8.85637463565565e-07,0,0,0,0.0,0.0,0.0,0.0
189,0.49489698665482657,3.2083126068115235,0.4866880455187389,3.2004983901977537,0.16417874608721053,0.1562843844294548,0.0,0.0,0.04706867486238479,0.0,7.445336922613074e-07,0,0,0,0.0,0.0,0.0,0.0
190,0.4805128702095577,3.223551607131958,0.47225729695388247,3.215757465362549,0.16511142892496927,0.15588132590055465,0.0,0.0,0.047430813685059546,0.0,6.155829702431178e-07,0,0,0,0.0,0.0,0.0,0.0
191,0.49826194026640486,3.225777816772461,0.4900532705443246,3.217983341217041,0.16417342078472888,0.15589008778333663,0.0,0.0,0.047378246672451496,0.0,4.988171141721238e-07,0,0,0,0.0,0.0,0.0,0.0
192,0.4919408804603985,3.2318082809448243,0.4837208539247513,3.224019432067871,0.1644004817519869,0.15577674508094788,0.0,0.0,0.04738699048757553,0.0,3.942649342761123e-07,0,0,0,0.0,0.0,0.0,0.0
193,0.4795655001487051,3.225352478027344,0.47133183905056547,3.2175573825836183,0.16467318311333656,0.15590220391750337,0.0,0.0,0.047356154397130014,0.0,3.0195222724102064e-07,0,0,0,0.0,0.0,0.0,0.0
194,0.5080183095165661,3.2245018005371096,0.49977127994809833,3.216703987121582,0.16494051100952284,0.15595612078905105,0.0,0.0,0.04730909895151854,0.0,2.2190176984600047e-07,0,0,0,0.0,0.0,0.0,0.0
195,0.5000489779881069,3.225721263885498,0.49185108286993845,3.217926502227783,0.16395786723920278,0.1558950960636139,0.0,0.0,0.04738865867257118,0.0,1.54133313343602e-07,0,0,0,0.0,0.0,0.0,0.0
196,0.5046788368906293,3.223719596862793,0.49646007056747166,3.2159218788146973,0.16437532965626037,0.15595462769269944,0.0,0.0,0.0473341079428792,0.0,9.866357858642217e-08,0,0,0,0.0,0.0,0.0,0.0
197,0.4835955553821155,3.220854711532593,0.47529721579381395,3.2130539894104,0.16596662838544166,0.15601465106010437,0.0,0.0,0.04726714100688696,0.0,5.5506251901504886e-08,0,0,0,0.0,0.0,0.0,0.0
198,0.49793862125703264,3.2210877895355225,0.4896447594676699,3.213286828994751,0.16587732306548528,0.15601832270622254,0.0,0.0,0.047265058383345604,0.0,2.4671981713420026e-08,0,0,0,0.0,0.0,0.0,0.0
199,0.4799472029720034,3.2215179443359374,0.47170969737427576,3.2137172698974608,0.16475004223840578,0.156013560295105,0.0,0.0,0.04727726336568594,0.0,6.168375916970621e-09,0,0,0,0.0,0.0,0.0,0.0
200,0.4789255250777517,3.2216873168945312,0.4706174380012921,3.2138868808746337,0.16616175643035344,0.15600783377885818,0.0,0.0,0.047282515466213225,0.0,0.0,0,0,0,0.0,0.0,0.0,0.0
