family,source,seed,timestep,n_pairs,n_iou_pairs,n_centroid_pairs,iou_mean,dice_mean,fp_area_frac_mean,fn_area_frac_mean,centroid_err_mean_px,mass_signed_mean,mass_abs_mean,miss_count
CNN/U-Net TC,canonical,0,0,170,170,170,0.36917685938875855,0.5350546660418825,0.018483921568627455,7.843137254901962e-07,3.2984453680479846,40.366639395321116,40.45199243882123,0
CNN/U-Net TC,canonical,0,1,170,170,170,0.49051587972826716,0.6528596560529659,0.013116348039215688,1.2034313725490194e-05,2.304263301975481,-16.66640582365148,20.180019356222715,0
CNN/U-Net TC,canonical,0,2,170,170,170,0.5536607261258534,0.7043533438606087,0.011121274509803922,3.8553921568627456e-05,1.7944680586382005,-24.821191069659065,34.557308623370005,0
CNN/U-Net TC,canonical,0,3,170,170,170,0.5151991443208681,0.6773260974606956,0.01582664215686275,6.9362745098039195e-06,1.7678341040956127,-51.89589888628792,52.777071515251606,0
CNN/U-Net TC,canonical,0,4,170,170,170,0.8473194674357426,0.9161734409836199,0.0019041176470588237,0.0027194607843137267,1.3248426668447908,-32.48454194910386,65.3932279698989,0
CNN/U-Net TC,canonical,0,5,170,170,170,0.8836151544858587,0.9373903043993288,0.0019105392156862741,0.0016594117647058808,1.2543916892842573,-43.80365887810202,84.45252470128676,0
CNN/U-Net TC,canonical,0,6,170,170,170,0.9038137116725228,0.9491987925879476,0.0008463480392156858,0.003644044117647058,1.5454845082698088,-33.06578225528493,93.13226067038143,0
CNN/U-Net TC,canonical,0,7,170,170,170,0.8950421591513836,0.9443137657925161,0.0003069607843137255,0.005991299019607844,1.6301291962892923,-40.160077981387865,100.23858786190257,0
CNN/U-Net TC,canonical,0,8,170,170,170,0.9127897537920047,0.9542087931573788,0.0006431862745098039,0.005292352941176468,1.9235263936017,-114.99570168887868,169.94554586971506,0
CNN/U-Net TC,canonical,0,9,170,170,170,0.9152486149268635,0.9555142907582242,0.0008211274509803916,0.0052013970588235285,1.8199738717084455,-171.28327205882354,232.77096090877757,0
CNN/U-Net TC,canonical,0,10,170,170,170,0.8724924221557296,0.9315773325825353,0.0002886274509803922,0.014886838235294122,2.2635707969495185,258.2900397805607,327.6227402630974,0
CNN/U-Net TC,canonical,0,11,170,170,170,0.9240759398671713,0.9603587647781774,0.0017417401960784327,0.00948357843137255,1.9418313175333615,-193.220021685432,302.64586612477024,0
CNN/U-Net TC,canonical,0,12,170,170,170,0.93398911300566,0.965736700486603,0.005669975490196078,0.005803504901960787,2.1438952213910993,72.293359375,177.14350298713236,0
CNN/U-Net TC,canonical,0,13,170,170,170,0.9237752474028136,0.9602557587058681,0.00582529411764706,0.009378039215686276,1.7662597524859578,-33.01191549862132,167.23957232306986,0
CNN/U-Net TC,canonical,0,14,170,170,170,0.8943714985629295,0.9439727065705011,0.01666384803921569,0.0087665931372549,2.0719458736228535,-222.2577694163603,292.37288028492645,0
CNN/U-Net TC,canonical,0,15,170,170,170,0.8998281801369455,0.9470680631791509,0.01538225490196079,0.013705710784313728,2.0252527404292087,-434.7656350528493,439.65157255284925,0
CNN/U-Net TC,canonical,0,16,170,170,170,0.899603796525501,0.9468977594972507,0.019449534313725494,0.012691397058823535,3.6245946362726604,-58.29941980698529,312.1158547794118,0
CNN/U-Net TC,canonical,0,17,170,170,170,0.8947984423373943,0.9439473713814722,0.025485171568627455,0.010265024509803924,2.572181712956425,-281.6603372012868,502.3716883042279,0
CNN/U-Net TC,canonical,0,18,170,170,170,0.9239068781852945,0.9601675117696036,0.018172132352941177,0.010529779411764709,2.4927822327002276,-295.7738654641544,834.7083725873161,0
CNN/U-Net TC,canonical,0,19,170,170,170,0.9209788773465449,0.9585032183387067,0.027224583333333347,0.006428529411764705,3.6292126770608797,402.5774528952206,508.68662109375,0
CNN/U-Net TC,canonical,0,20,170,170,170,0.9319963454742662,0.9644500158968904,0.017696715686274508,0.012619068627450982,4.634473251151354,909.1878303079044,1287.6149500229778,0
CNN/U-Net TC,canonical,0,21,170,170,170,0.9311035546736137,0.9640488285834437,0.013058774509803922,0.017900563725490187,2.995597429319919,-75.3314568014706,270.61701516544116,0
CNN/U-Net TC,canonical,0,22,170,170,170,0.9264252902782756,0.9614269770273166,0.012811691176470593,0.02076252450980392,3.655410383316395,900.1916360294117,1192.0151999080883,0
CNN/U-Net TC,canonical,0,23,170,170,170,0.9138930162366758,0.9540795527363947,0.00930757352941176,0.029333235294117636,8.480012757203133,110.00066061580883,662.82998046875,0
CNN/U-Net TC,canonical,0,24,170,170,170,0.9091226106210637,0.9512420926978609,0.0101809068627451,0.03214602941176471,8.017338242907115,-24937.768474264707,25206.56410845588,0
CNN/U-Net TC,canonical,1,0,170,170,170,0.34952626491919836,0.5161294501970803,0.020865686274509816,0.0,3.574443248563331,85.6303721932804,85.6303721932804,0
CNN/U-Net TC,canonical,1,1,170,170,170,0.4727992721387944,0.6378689156716851,0.014436495098039213,3.8725490196078425e-06,2.680643492112317,36.60241842830882,37.53707275390625,0
CNN/U-Net TC,canonical,1,2,170,170,170,0.5039993122566813,0.6667555327105966,0.01467218137254903,5.784313725490195e-06,2.1453880736830686,42.535412238625916,47.64991580738741,0
CNN/U-Net TC,canonical,1,3,170,170,170,0.6800210337911073,0.8008139439008973,0.006486004901960787,0.00016098039215686272,1.3993130858190364,-61.49497326121611,63.0673968595617,0
CNN/U-Net TC,canonical,1,4,170,170,170,0.8563463216719334,0.92129935989985,0.00236436274509804,0.001653333333333333,1.2033136233882995,-53.273727282355814,55.954264068603514,0
CNN/U-Net TC,canonical,1,5,170,170,170,0.8784888956686877,0.9344843058522728,0.0019101715686274524,0.001985661764705883,1.1602136085502475,-8.463032352223117,64.17827570298138,0
CNN/U-Net TC,canonical,1,6,170,170,170,0.901878944054362,0.9481399286450596,0.0011275735294117644,0.003288578431372549,1.542591685710607,-80.4496935676126,103.9822073543773,0
CNN/U-Net TC,canonical,1,7,170,170,170,0.8718269727870752,0.9310732382031351,0.0002946568627450981,0.006562132352941176,1.7824834667777876,-62.45287762810202,172.78652954101562,0
CNN/U-Net TC,canonical,1,8,170,170,170,0.8214100289295289,0.901322092971673,0.00010642156862745097,0.011738676470588237,2.235831839919539,-175.23606746897977,178.00226404526654,0
CNN/U-Net TC,canonical,1,9,170,170,170,0.88222443543859,0.9371128426818207,0.00041438725490196076,0.00786666666666667,2.1714829153610884,-175.12824132582722,212.3881441004136,0
CNN/U-Net TC,canonical,1,10,170,170,170,0.9212469198002051,0.9588082925252148,0.0015201225490196078,0.007836519607843137,3.672469391969365,-306.25535888671874,362.2556116440717,0
CNN/U-Net TC,canonical,1,11,170,170,170,0.8952907155540731,0.9444801700219336,0.009377549019607842,0.0036669852941176475,7.0603141110428,-711.7941452923943,711.7941452923943,0
CNN/U-Net TC,canonical,1,12,170,170,170,0.9288977269532663,0.9630195726017787,0.004319068627450984,0.007773774509803921,1.8753629071203333,194.68554831112132,223.05363338694852,0
CNN/U-Net TC,canonical,1,13,170,170,170,0.924468325396657,0.96063278932008,0.005214338235294116,0.009590049019607841,2.064749092800696,315.72938232421876,412.52884377872243,0
CNN/U-Net TC,canonical,1,14,170,170,170,0.9179183451646082,0.9570528763822032,0.007345637254901958,0.014165539215686276,1.918157402703777,-498.34087201286764,498.4925063189338,0
CNN/U-Net TC,canonical,1,15,170,170,170,0.8947738855148696,0.9441565602247666,0.020170098039215694,0.009275171568627453,2.0421106020762116,117.30501349954044,229.30089183134191,0
CNN/U-Net TC,canonical,1,16,170,170,170,0.916612008119773,0.9563646857775538,0.010526544117647061,0.01724823529411765,2.1123290789331435,97.13594180836397,213.29587115119486,0
CNN/U-Net TC,canonical,1,17,170,170,170,0.9033271258400335,0.9488643067554438,0.02537816176470588,0.008541053921568627,1.906931774268922,-109.91789407169118,239.85495749080883,0
CNN/U-Net TC,canonical,1,18,170,170,170,0.9153080308775745,0.9553600702190553,0.024186617647058827,0.00794916666666666,2.494027004255228,231.98675896139707,286.41704388786764,0
CNN/U-Net TC,canonical,1,19,170,170,170,0.919607580268865,0.9577709211477343,0.027214877450980394,0.006922671568627449,2.3929456769450312,254.95602022058824,505.0872759650735,0
CNN/U-Net TC,canonical,1,20,170,170,170,0.9289693595826461,0.9627678990616608,0.01708036764705883,0.013907475490196079,3.21474983914034,413.7737994025735,524.3786362591911,0
CNN/U-Net TC,canonical,1,21,170,170,170,0.9299341420549103,0.9633639209100845,0.014389509803921573,0.016821666666666665,3.042156690064803,-299.8119140625,447.8489200367647,0
CNN/U-Net TC,canonical,1,22,170,170,170,0.9118039718248082,0.9532433055352644,0.008328553921568636,0.03034428921568628,5.448970654313792,-1057.9785386029412,1338.986799172794,0
CNN/U-Net TC,canonical,1,23,170,170,170,0.9190413020924733,0.9569241353465712,0.009782818627450982,0.02659857843137256,4.844072641836944,382.8415153952206,769.9377470128677,0
CNN/U-Net TC,canonical,1,24,170,170,170,0.9102251451858369,0.9518486850824712,0.00916982843137255,0.03219088235294118,6.100457377443286,-24719.312769990807,25512.416802619486,0
CNN/U-Net TC,canonical,2,0,170,170,170,0.3543085091204438,0.5197284332355424,0.019908063725490185,1.4705882352941178e-07,3.775224375904048,46.18044880137724,46.18044880137724,0
CNN/U-Net TC,canonical,2,1,170,170,170,0.4316831063412115,0.5983067567187283,0.016902058823529412,2.5735294117647057e-06,3.1076205817281406,67.06450388291303,67.20871227488799,0
CNN/U-Net TC,canonical,2,2,170,170,170,0.5486163539777971,0.7010359172180582,0.011415833333333335,2.6544117647058818e-05,2.3008566814934346,-34.467819079230814,36.22937886855181,0
CNN/U-Net TC,canonical,2,3,170,170,170,0.5409118110369965,0.6932111566621877,0.012989485294117637,3.933823529411766e-05,1.9665627156291876,-50.52283352122587,51.11706480138442,0
CNN/U-Net TC,canonical,2,4,170,170,170,0.8113885080261606,0.8928041312369747,0.0037504411764705875,0.0013798774509803911,1.3381034638468008,-45.14698279885685,49.804644147087544,0
CNN/U-Net TC,canonical,2,5,170,170,170,0.841053846003595,0.9123987359302206,0.002366568627450982,0.0029470343137254907,1.1720871061978178,-107.70147767908433,107.85972173354205,0
CNN/U-Net TC,canonical,2,6,170,170,170,0.8629689283800017,0.9256540616765521,0.0011950490196078428,0.005769583333333332,1.4189437812232097,-263.65343224020563,263.65343224020563,0
CNN/U-Net TC,canonical,2,7,170,170,170,0.9136602135638197,0.9546882023580265,0.000994705882352941,0.004064975490196079,1.2522688528586172,-214.4897933062385,214.9583688174977,0
CNN/U-Net TC,canonical,2,8,170,170,170,0.9025600643943406,0.9484815186893406,0.0005398284313725491,0.006211470588235295,1.3638108376503415,-314.9723216337316,314.9723216337316,0
CNN/U-Net TC,canonical,2,9,170,170,170,0.9156965233469366,0.955724436178438,0.000944117647058824,0.005563186274509805,1.3102604430029459,-235.7559257956112,264.67944515452666,0
CNN/U-Net TC,canonical,2,10,170,170,170,0.8813202578369042,0.9367051893890994,0.0004118627450980391,0.012247867647058826,2.7336795446019164,-129.62367374195773,270.2079022575827,0
CNN/U-Net TC,canonical,2,11,170,170,170,0.9191290082097592,0.9576893841728294,0.0020658088235294115,0.010073725490196079,2.8475551898714415,325.2521391027114,415.6268676757812,0
CNN/U-Net TC,canonical,2,12,170,170,170,0.9272795775568355,0.9621158373310217,0.003100318627450981,0.009400343137254902,4.163646924274573,-530.4101756376378,591.1750394933364,0
CNN/U-Net TC,canonical,2,13,170,170,170,0.9096886451449009,0.9525625318105017,0.007099534313725492,0.010642107843137258,2.6304534947691605,-481.6264540728401,546.7521204331342,0
CNN/U-Net TC,canonical,2,14,170,170,170,0.9100202072720865,0.9527159984086154,0.005952720588235297,0.018735,2.5012095948413338,-584.7714786305147,586.0707892922794,0
CNN/U-Net TC,canonical,2,15,170,170,170,0.8790990516795993,0.9352145466341016,0.025218235294117666,0.008437328431372546,5.143680226828338,-87.68915728400735,263.1475356158088,0
CNN/U-Net TC,canonical,2,16,170,170,170,0.9045273914638037,0.9496682736666668,0.01786884803921568,0.012531397058823534,3.2125150722513105,148.41118020450367,285.84668686810664,0
CNN/U-Net TC,canonical,2,17,170,170,170,0.9112203656023941,0.9533689065755125,0.016864436274509797,0.014383995098039217,5.483204901542498,-336.2203900505515,1027.001318359375,0
CNN/U-Net TC,canonical,2,18,170,170,170,0.9219543846382957,0.9590909552338738,0.020134558823529415,0.009494240196078429,5.278742604127902,108.0338493795956,320.4606186810662,0
CNN/U-Net TC,canonical,2,19,170,170,170,0.9260004803668519,0.9612630902666295,0.02285144607843137,0.008459656862745094,3.453414971245028,334.7314280790441,787.4825252757353,0
CNN/U-Net TC,canonical,2,20,170,170,170,0.9318734426488967,0.9643833305973586,0.015482990196078435,0.014407965686274504,2.5479344382298597,123.00353860294118,390.52897518382355,0
CNN/U-Net TC,canonical,2,21,170,170,170,0.934759525951934,0.9660666846719681,0.017947524509803928,0.012292450980392151,6.495338300137592,1703.4268037683823,1829.2541015625,0
CNN/U-Net TC,canonical,2,22,170,170,170,0.9256550489031939,0.9610342415917839,0.01160703431372549,0.021880833333333335,3.5102262834718396,-269.80778952205884,425.96236213235295,0
CNN/U-Net TC,canonical,2,23,170,170,170,0.9208225672803576,0.9579715602883657,0.01000801470588235,0.02555198529411765,5.593562686495165,-23.429721966911764,621.3278377757352,0
CNN/U-Net TC,canonical,2,24,170,170,170,0.9056750518643606,0.9493142447229059,0.007657941176470585,0.03533759803921569,4.99812456247822,-24925.23796530331,25309.390803079044,0
CNN/U-Net TC,canonical,3,0,170,170,170,0.4580826308883291,0.6169474689391117,0.012159313725490197,7.745098039215687e-06,2.5999669309046047,24.895716723273782,25.583406201530906,0
CNN/U-Net TC,canonical,3,1,170,170,170,0.5379222814068563,0.6851993361115004,0.010206397058823532,3.240196078431373e-05,2.1135387687296334,-36.51858240015366,36.51858240015366,0
CNN/U-Net TC,canonical,3,2,170,170,170,0.6280861973064423,0.7565393156573158,0.0074282107843137305,0.00019328431372549017,1.6117033508879568,-58.791822814941405,58.99873675178079,0
CNN/U-Net TC,canonical,3,3,170,170,170,0.5148855354762799,0.6761621277420385,0.015597843137254893,8.480392156862742e-06,1.7512620089456679,-44.234597194896025,45.68412345437442,0
CNN/U-Net TC,canonical,3,4,170,170,170,0.8370736580046996,0.9101172810835017,0.0018283823529411769,0.0034522058823529427,1.0119490932661153,-50.3707753349753,60.94805553660673,0
CNN/U-Net TC,canonical,3,5,170,170,170,0.8442865668034953,0.9132003175630292,0.003412009803921569,0.0010738480392156855,0.9382969048363502,-129.0743309469784,129.62285138298483,0
CNN/U-Net TC,canonical,3,6,170,170,170,0.9013617051920985,0.9478244382907404,0.0007062745098039216,0.0039043872549019603,1.682617741300567,-138.74280521168427,142.29145848891315,0
CNN/U-Net TC,canonical,3,7,170,170,170,0.9077522543297372,0.9514087430307901,0.0005377450980392154,0.0050956617647058815,1.3102831974358105,-119.05926854750689,142.92181019502527,0
CNN/U-Net TC,canonical,3,8,170,170,170,0.9119356506281965,0.9537420027904179,0.0005191176470588233,0.004923137254901962,1.2947841597675407,-212.15791985006894,215.1906203326057,0
CNN/U-Net TC,canonical,3,9,170,170,170,0.9081857234633243,0.9516621576610842,0.0004828676470588234,0.007163088235294111,1.7696965780735758,-194.55752814797793,227.29612319048712,0
CNN/U-Net TC,canonical,3,10,170,170,170,0.9309265005552504,0.9640808818130198,0.0012866666666666673,0.006664999999999998,3.059631691255327,137.43374167049632,214.65062040441177,0
CNN/U-Net TC,canonical,3,11,170,170,170,0.9274924676512288,0.9622523434738055,0.0046312500000000026,0.0048903431372549,2.051555536479866,57.86994987936581,118.52804098690257,0
CNN/U-Net TC,canonical,3,12,170,170,170,0.9252656406022443,0.9610128702050035,0.0021897794117647063,0.010980465686274511,1.889187447155177,54.44199290556066,170.7821999942555,0
CNN/U-Net TC,canonical,3,13,170,170,170,0.9063822003141712,0.9506699308892658,0.010826470588235295,0.005806740196078428,2.592647771642889,-132.07113898782168,559.3219920438879,0
CNN/U-Net TC,canonical,3,14,170,170,170,0.912142920892934,0.9539108566326925,0.008616985294117651,0.01351360294117647,1.8112233252387475,-482.9265869140625,482.9265869140625,0
CNN/U-Net TC,canonical,3,15,170,170,170,0.9081586397795993,0.9517023062982409,0.013437965686274509,0.012918700980392153,1.8843626852068962,-5.824016256893382,176.9531120749081,0
CNN/U-Net TC,canonical,3,16,170,170,170,0.8601588640734793,0.9240100336946171,0.03936855392156863,0.005911348039215689,4.541593240872228,1146.1668212890625,1178.349280503217,0
CNN/U-Net TC,canonical,3,17,170,170,170,0.897477507644142,0.9455230386659798,0.021902671568627453,0.012715735294117644,6.768803235028161,-202.94024011948528,750.6391371783088,0
CNN/U-Net TC,canonical,3,18,170,170,170,0.9100722736247034,0.9523453929383199,0.02667009803921569,0.006459901960784311,3.476627028100901,-788.0826516544117,856.0723920036764,0
CNN/U-Net TC,canonical,3,19,170,170,170,0.9342960966588163,0.9658021603836427,0.014704093137254893,0.012721225490196079,4.598790081876675,-156.56306295955883,355.8470301011029,0
CNN/U-Net TC,canonical,3,20,170,170,170,0.9341029710880105,0.9655763829954718,0.012569705882352941,0.016021372549019617,4.878872332917868,1090.1566837086398,1636.9417767693014,0
CNN/U-Net TC,canonical,3,21,170,170,170,0.9358132772004742,0.9666055195292033,0.014019509803921568,0.015056372549019608,5.418986735773861,-297.1777228860294,557.9485523897059,0
CNN/U-Net TC,canonical,3,22,170,170,170,0.9330661527093201,0.9651407609700154,0.02045693627450981,0.012155686274509806,10.317131277048514,-643.4894588694852,955.3871725643382,0
CNN/U-Net TC,canonical,3,23,170,170,170,0.9277906149309664,0.9617722522717485,0.012894142156862744,0.020294191176470588,6.119426879190671,-703.8285500919118,728.1953699448529,0
CNN/U-Net TC,canonical,3,24,170,170,170,0.8821804666744522,0.9359141221948246,0.004880245098039218,0.05001732843137256,5.463710062144494,-24137.430020680145,26440.5228515625,0
CNN/U-Net TC,canonical,4,0,170,170,170,0.37197003904077647,0.5390271448258813,0.018811323529411755,7.352941176470589e-08,3.02933102580067,44.31757949380314,44.57650978985955,0
CNN/U-Net TC,canonical,4,1,170,170,170,0.4125597332646224,0.5798077061724047,0.018785098039215697,2.450980392156863e-07,2.94402856991454,30.150239809821635,33.71122725991642,0
CNN/U-Net TC,canonical,4,2,170,170,170,0.5042692347582852,0.6663631006529963,0.014853161764705887,5.7843137254901944e-06,2.3308680969686226,18.74652837865493,36.27385009316837,0
CNN/U-Net TC,canonical,4,3,170,170,170,0.6312730659240722,0.7640031246117192,0.008507647058823531,0.00010365196078431376,1.4778847530085992,-51.149313534007355,53.071385641659006,0
CNN/U-Net TC,canonical,4,4,170,170,170,0.8050907707126473,0.8889632103150157,0.004576323529411765,0.000943651960784313,1.1642764196507704,-74.45705018884995,75.43993054558248,0
CNN/U-Net TC,canonical,4,5,170,170,170,0.8457830267916725,0.9153225490054921,0.0015052205882352934,0.004269901960784315,1.1852054725255157,-89.30923713235295,93.25627297794118,0
CNN/U-Net TC,canonical,4,6,170,170,170,0.8380616090350181,0.9102522492510504,0.0010201470588235295,0.007383823529411765,1.6355981563976651,-26.908386769014246,89.70603476131663,0
CNN/U-Net TC,canonical,4,7,170,170,170,0.8873463029134299,0.9399349919574188,0.00032051470588235305,0.006592941176470586,1.8768415161149268,-267.4295212689568,268.24604456284465,0
CNN/U-Net TC,canonical,4,8,170,170,170,0.9141784669482902,0.9550076663308842,0.000741911764705882,0.004698749999999997,1.5153601091787838,-0.2684389002182904,172.317993702608,0
CNN/U-Net TC,canonical,4,9,170,170,170,0.8693741891266606,0.9298182348349283,0.00017426470588235285,0.009670637254901958,3.2480725789968763,-189.66970196892234,227.2485751881319,0
CNN/U-Net TC,canonical,4,10,170,170,170,0.9299944383116957,0.9635580067485696,0.0016069117647058827,0.005833186274509804,2.2976348568175844,-390.94042214786305,393.4419056611903,0
CNN/U-Net TC,canonical,4,11,170,170,170,0.9233822907927915,0.9599713610662416,0.0017722794117647062,0.00923813725490196,1.6303196219545897,193.51348302504596,212.65508602366728,0
CNN/U-Net TC,canonical,4,12,170,170,170,0.9324680180805,0.9649192954723381,0.004375441176470584,0.007260269607843138,1.6858645988046936,-96.02284007352941,212.64111328125,0
CNN/U-Net TC,canonical,4,13,170,170,170,0.92996315902691,0.9635446318510255,0.003651960784313723,0.010662745098039219,1.9712260105497872,246.56080178653494,410.266013470818,0
CNN/U-Net TC,canonical,4,14,170,170,170,0.89834350190319,0.9462139652397414,0.013523529411764709,0.010368725490196075,2.058687201650479,-415.72592270795036,574.8910536822151,0
CNN/U-Net TC,canonical,4,15,170,170,170,0.8707307392210168,0.9303547962911687,0.02797470588235294,0.007985,2.004850777964957,-276.77928251378677,492.23448988970586,0
CNN/U-Net TC,canonical,4,16,170,170,170,0.9095557444938972,0.9524600000526203,0.018338112745098042,0.011228504901960779,2.979053826956563,83.05591107536765,207.71121036305146,0
CNN/U-Net TC,canonical,4,17,170,170,170,0.8945715354628124,0.9437922719675289,0.028333602941176456,0.007547230392156858,3.3306879554206885,816.1010483685661,816.1010483685661,0
CNN/U-Net TC,canonical,4,18,170,170,170,0.9105973261474973,0.9526941300686949,0.0266423774509804,0.007113259803921567,3.4657705900104054,-606.2916963465074,606.5374339384191,0
CNN/U-Net TC,canonical,4,19,170,170,170,0.9314208894694151,0.9642466185346102,0.020348112745098044,0.009017107843137253,4.9575883110629375,-833.1223805147059,1132.0986615349266,0
CNN/U-Net TC,canonical,4,20,170,170,170,0.9327682820448464,0.9648786442075332,0.018988284313725488,0.011478235294117647,4.506393622927537,74.95017520680148,1176.9873592601102,0
CNN/U-Net TC,canonical,4,21,170,170,170,0.9323500353219233,0.9647205863480475,0.012300784313725489,0.018126078431372546,2.605967149359876,-746.2152889476102,849.4601878446691,0
CNN/U-Net TC,canonical,4,22,170,170,170,0.9187863804230562,0.957190885968158,0.009124705882352948,0.02730482843137254,4.274441340095193,237.66691176470587,1053.2790785845589,0
CNN/U-Net TC,canonical,4,23,170,170,170,0.9099306257150804,0.9518763435720656,0.00820009803921568,0.03241144607843138,4.035253089119625,98.15043658088236,485.12516084558825,0
CNN/U-Net TC,canonical,4,24,170,170,170,0.9068134643423553,0.9499771375621072,0.00786745098039216,0.035742058823529425,6.035159100866254,-25191.15278033088,25347.349046415442,0
CNN/U-Net TC,canonical,5,0,170,170,170,0.4517052487297979,0.6159770663448747,0.01286700980392157,3.651960784313725e-06,2.610916002163421,16.428960149428423,17.229190826416016,0
CNN/U-Net TC,canonical,5,1,170,170,170,0.4609146174480553,0.6266636002946919,0.015305637254901949,3.8480392156862745e-06,2.432503423446892,-13.14418067932129,19.189314112943762,0
CNN/U-Net TC,canonical,5,2,170,170,170,0.5570647865037179,0.7086693671500932,0.01121330882352941,2.6911764705882354e-05,1.8089062361609531,-25.064029693603516,28.799149053237016,0
CNN/U-Net TC,canonical,5,3,170,170,170,0.6557978996506619,0.7849255149842458,0.0077224999999999985,0.00011281862745098031,1.39872127411073,-60.2933780445772,60.39915250890395,0
CNN/U-Net TC,canonical,5,4,170,170,170,0.8398743220808915,0.9111336360152807,0.0037315686274509777,0.0008487009803921566,1.2002288292208816,-57.695273051542394,61.02166914098403,0
CNN/U-Net TC,canonical,5,5,170,170,170,0.8888006967496571,0.940557377483007,0.0015738725490196078,0.002116642156862744,1.0858700836551602,72.15487563189338,77.63867367015166,0
CNN/U-Net TC,canonical,5,6,170,170,170,0.8902138644205912,0.9415657419612217,0.0012763725490196073,0.00370232843137255,1.3629610297630317,-56.933204650878906,65.65040579403149,0
CNN/U-Net TC,canonical,5,7,170,170,170,0.8570063480113416,0.9224517843465974,0.00017982843137254894,0.008280686274509801,1.6844507366340211,-21.794470394358914,91.56094557818244,0
CNN/U-Net TC,canonical,5,8,170,170,170,0.8120145654779042,0.8953200651861241,0.00010318627450980391,0.012703112745098041,2.322575442973591,-132.8711551441866,140.4811160816866,0
CNN/U-Net TC,canonical,5,9,170,170,170,0.6940237095114553,0.8174047774168979,4.034313725490195e-05,0.02557823529411765,4.601662165787139,-65.13996725643382,98.91921027688419,0
CNN/U-Net TC,canonical,5,10,170,170,170,0.9225381630377081,0.9595284162230414,0.0035531862745098028,0.0042914460784313725,1.986712404060682,172.7980526194853,294.40736299402573,0
CNN/U-Net TC,canonical,5,11,170,170,170,0.9073709221136601,0.9512568754632394,0.005834289215686276,0.005899215686274507,4.7129650621982835,-265.13430463005517,309.09422535615806,0
CNN/U-Net TC,canonical,5,12,170,170,170,0.9207491083092713,0.9586348461190235,0.005226004901960783,0.008063088235294115,2.51622083943388,221.5995397231158,654.3267499138327,0
CNN/U-Net TC,canonical,5,13,170,170,170,0.9265296720925958,0.9617302975696587,0.004918063725490197,0.00986365196078431,2.5466539713741927,-186.98024686925552,271.31290139590993,0
CNN/U-Net TC,canonical,5,14,170,170,170,0.9141439290853406,0.954899061639266,0.004783088235294118,0.018866299019607843,4.614379218525149,-832.0843800264246,832.0843800264246,0
CNN/U-Net TC,canonical,5,15,170,170,170,0.865486473682091,0.9271659353411841,0.03129686274509805,0.006192009803921572,3.4636774355489357,593.0720947265625,594.140709731158,0
CNN/U-Net TC,canonical,5,16,170,170,170,0.909653621635165,0.9525330151115377,0.015759166666666668,0.013799460784313732,2.121659025308405,228.41924689797793,348.6489889705882,0
CNN/U-Net TC,canonical,5,17,170,170,170,0.887532225266793,0.9397247138673225,0.029502034313725476,0.008892745098039221,2.2908830941218232,-142.63837316176472,310.08197954963236,0
CNN/U-Net TC,canonical,5,18,170,170,170,0.9078201979122811,0.9511110343576136,0.024956225490196073,0.00925436274509804,2.826961965951886,404.7305060891544,558.2602223115808,0
CNN/U-Net TC,canonical,5,19,170,170,170,0.9260103700952074,0.9612964692308165,0.022719093137254905,0.008712647058823521,3.320255962793858,-860.0241727941177,1212.3131721047794,0
CNN/U-Net TC,canonical,5,20,170,170,170,0.9295802755359686,0.9631594171826693,0.014301004901960785,0.016513504901960775,6.2583872818816495,1081.1195944393382,1086.3307157628676,0
CNN/U-Net TC,canonical,5,21,170,170,170,0.9318929542993788,0.9645102392526439,0.012596789215686275,0.01778649509803921,3.4066463478550424,-170.7928768382353,502.2278033088235,0
CNN/U-Net TC,canonical,5,22,170,170,170,0.9308947255768197,0.9639375248399146,0.012815833333333337,0.01894276960784313,4.207279782726358,2241.8210248161763,3062.6735064338236,0
CNN/U-Net TC,canonical,5,23,170,170,170,0.9183221016838136,0.95658639292628,0.009379730392156865,0.027198259803921557,8.82778558740566,2047.3284409466912,2841.659380744485,0
CNN/U-Net TC,canonical,5,24,170,170,170,0.9023419800070197,0.9474929630652594,0.007439754901960781,0.03781276960784315,9.864606665678041,-22439.953050321692,28340.1006261489,0
CNN/U-Net TC,canonical,6,0,170,170,170,0.35043967552241073,0.5165820008795657,0.020623529411764714,0.0,3.233097385305539,77.93036833370434,77.93036833370434,0
CNN/U-Net TC,canonical,6,1,170,170,170,0.493882363620978,0.6533851647124108,0.01261710784313725,7.034313725490196e-06,2.283218999977177,6.5509271958295034,17.411394994399128,0
CNN/U-Net TC,canonical,6,2,170,170,170,0.5230662466522229,0.6810687936886687,0.013010392156862742,8.651960784313724e-06,1.884502749818939,63.73743131300982,67.94511783824248,0
CNN/U-Net TC,canonical,6,3,170,170,170,0.6162152788258628,0.7526242942686994,0.00902980392156863,0.000105343137254902,1.4369786349471372,-18.82257703893325,34.25095012889189,0
CNN/U-Net TC,canonical,6,4,170,170,170,0.8152871365178649,0.8951600695159765,0.004309656862745097,0.0008304901960784305,1.2460937866013222,-46.58578082813936,50.16357228896197,0
CNN/U-Net TC,canonical,6,5,170,170,170,0.8540959739572874,0.9204202275092451,0.0017425490196078435,0.0034559803921568656,1.3635189162602428,-121.4475523107192,121.4475523107192,0
CNN/U-Net TC,canonical,6,6,170,170,170,0.8505978412235745,0.9179741132413289,0.0006139460784313724,0.0073151715686274495,2.1132281163196676,-153.21881848503563,155.30559503891888,0
CNN/U-Net TC,canonical,6,7,170,170,170,0.8746985743421265,0.9325657986876335,0.0002775000000000001,0.007019779411764708,2.621758789614313,-159.24462441837088,206.02921124626607,0
CNN/U-Net TC,canonical,6,8,170,170,170,0.8736582817842882,0.9320224184829763,0.00023578431372549014,0.008491495098039216,2.231942664888008,-253.1353172751034,254.3679588766659,0
CNN/U-Net TC,canonical,6,9,170,170,170,0.8905182784779972,0.9417511765023632,0.0003506617647058822,0.008739852941176471,2.8599367760455214,-15.097238159179687,295.2221103443819,0
CNN/U-Net TC,canonical,6,10,170,170,170,0.9276406193498865,0.9623209436241825,0.0015963480392156856,0.00674345588235294,2.1350437007591228,-175.39370727539062,345.8006207634421,0
CNN/U-Net TC,canonical,6,11,170,170,170,0.9189785328895602,0.9575917903515011,0.006792818627450981,0.003432794117647059,2.2878856314294405,-309.73232350068935,558.4665118049173,0
CNN/U-Net TC,canonical,6,12,170,170,170,0.9322970354002797,0.9648449127655968,0.0034288235294117667,0.008205980392156862,2.1696186497998338,-225.54972282858455,616.5395637063419,0
CNN/U-Net TC,canonical,6,13,170,170,170,0.9281678084167446,0.9626286935995089,0.004585245098039216,0.009485245098039219,2.0581856230324993,-348.60154885684744,438.0912748448989,0
CNN/U-Net TC,canonical,6,14,170,170,170,0.9219078957434055,0.9591812430326462,0.005793553921568629,0.01526791666666667,2.3868997255389575,289.408589441636,365.66152774586396,0
CNN/U-Net TC,canonical,6,15,170,170,170,0.8998816448228117,0.9470879610404008,0.017572254901960786,0.011284681372549019,2.6554439782714576,543.1130184397978,602.961860926011,0
CNN/U-Net TC,canonical,6,16,170,170,170,0.8974346405679492,0.9456083537247247,0.023499313725490193,0.008794117647058822,3.61947866724181,-318.976416015625,487.40405560661765,0
CNN/U-Net TC,canonical,6,17,170,170,170,0.8847813986126875,0.9380708005856756,0.03153058823529413,0.007481397058823532,2.611633033780145,771.2669060202206,816.6795381433824,0
CNN/U-Net TC,canonical,6,18,170,170,170,0.9111792757384924,0.9529477486759863,0.026623848039215685,0.006833480392156861,4.846500171255426,-295.826806640625,564.1615894990808,0
CNN/U-Net TC,canonical,6,19,170,170,170,0.9362362941905313,0.966837951700113,0.017423872549019618,0.009643210784313728,5.4130007083746206,386.2487591911765,625.4601907169117,0
CNN/U-Net TC,canonical,6,20,170,170,170,0.9347835227473215,0.9659549340490557,0.017444068627450977,0.011515465686274508,2.9543047353337033,556.5218319163603,653.8161161534927,0
CNN/U-Net TC,canonical,6,21,170,170,170,0.9349307048671605,0.9661128638607029,0.013004803921568628,0.016050833333333323,6.276299273250926,-588.5050034466911,1153.118008961397,0
CNN/U-Net TC,canonical,6,22,170,170,170,0.9231521823423439,0.9595795073235969,0.00876605392156863,0.02516095588235295,3.978560099520712,289.25896714154413,663.6098747702206,0
CNN/U-Net TC,canonical,6,23,170,170,170,0.9137020580632113,0.9539464223938598,0.00775948529411765,0.030542083333333327,3.6202846020234087,-1231.8943129595589,1250.833088235294,0
CNN/U-Net TC,canonical,6,24,170,170,170,0.9053805098422213,0.9491252376685068,0.0066925,0.036822671568627445,7.456099730431391,-23450.683674172793,26116.539453125,0
CNN/U-Net TC,canonical,7,0,170,170,170,0.4272037147679784,0.5930390516590928,0.014137034313725498,1.7892156862745097e-06,2.686395649116271,15.418077704485725,17.913990076850443,0
CNN/U-Net TC,canonical,7,1,170,170,170,0.42350013484780596,0.5919215232529098,0.017967352941176466,5.392156862745099e-07,2.5818139820507806,-39.453590460384596,39.453590460384596,0
CNN/U-Net TC,canonical,7,2,170,170,170,0.5220373921512931,0.6817793425735297,0.013266666666666663,7.401960784313723e-06,2.307903688342831,-12.244345519121955,21.561545315910788,0
CNN/U-Net TC,canonical,7,3,170,170,170,0.676275664642041,0.8001014867800182,0.006849509803921571,0.00011723039215686276,1.4117972125077944,-68.14602912454045,72.35135085161994,0
CNN/U-Net TC,canonical,7,4,170,170,170,0.8619984137400843,0.9250802002816111,0.0016675245098039223,0.0026021813725490197,1.2332626303949024,27.47223165175494,51.805366650749654,0
CNN/U-Net TC,canonical,7,5,170,170,170,0.8781812802521617,0.934580321946381,0.0014676960784313722,0.0028491911764705865,1.507718844147718,-35.56288317512063,80.79590068143956,0
CNN/U-Net TC,canonical,7,6,170,170,170,0.8806848577896823,0.9359669774478255,0.0006786519607843134,0.005460833333333334,1.3556162086441392,-89.39238451789407,91.6000659718233,0
CNN/U-Net TC,canonical,7,7,170,170,170,0.9040625079022685,0.9493589370194878,0.00046828431372549,0.005390073529411763,1.7220433486139914,-87.01780305750229,108.57487595502069,0
CNN/U-Net TC,canonical,7,8,170,170,170,0.8971085224235156,0.9455079568902305,0.0003826960784313726,0.005718186274509806,2.0618484036896207,-49.10360789579504,144.04466875861672,0
CNN/U-Net TC,canonical,7,9,170,170,170,0.9235687071102289,0.9600706418631416,0.0008704166666666667,0.004528406862745098,1.9900004403132565,26.236846205767463,93.3669781853171,0
CNN/U-Net TC,canonical,7,10,170,170,170,0.9347935241359984,0.9661475368786622,0.0035808823529411764,0.003200588235294117,2.1458716912663913,-323.77913028492645,343.47232450597426,0
CNN/U-Net TC,canonical,7,11,170,170,170,0.927746081889593,0.9623851305776567,0.0030186274509803935,0.0071414950980392185,2.0703949920943847,-375.43041812672334,402.63132288315717,0
CNN/U-Net TC,canonical,7,12,170,170,170,0.9239511890840405,0.9603446812685512,0.005426568627450978,0.007044754901960786,2.2116374548332347,28.21775189568015,366.83426298253676,0
CNN/U-Net TC,canonical,7,13,170,170,170,0.9129590916926971,0.9543383637799628,0.006509950980392159,0.009706642156862746,1.6819373965998985,503.81905732996324,505.38086799172794,0
CNN/U-Net TC,canonical,7,14,170,170,170,0.9190680602247889,0.9576717443802355,0.009001102941176477,0.01197485294117647,1.710582868691485,-97.14413631663604,180.41899270450367,0
CNN/U-Net TC,canonical,7,15,170,170,170,0.8501891881151918,0.9183024772504328,0.03942375000000001,0.005326372549019606,4.290903129678673,-569.72685546875,572.8961282169117,0
CNN/U-Net TC,canonical,7,16,170,170,170,0.9135616187775619,0.9546768235900769,0.010713284313725494,0.017794632352941174,2.293603549167517,220.7697265625,277.8294979319853,0
CNN/U-Net TC,canonical,7,17,170,170,170,0.8856778999596726,0.9386328938358383,0.031911102941176474,0.007203382352941177,2.7747445048014976,365.42960564108455,728.6324233111213,0
CNN/U-Net TC,canonical,7,18,170,170,170,0.9180967247698744,0.9568944980237499,0.02312615196078431,0.007409583333333329,3.1760295416412934,-3.0990923713235294,382.85893267463234,0
CNN/U-Net TC,canonical,7,19,170,170,170,0.9329674713450896,0.9651025315583779,0.010307549019607846,0.01737019607843137,3.762298344532379,-736.1205422794118,854.7593807444853,0
CNN/U-Net TC,canonical,7,20,170,170,170,0.9341387649616828,0.9656134725874675,0.01393227941176469,0.014688014705882354,3.24123135247952,-264.01533490349266,632.0336598115808,0
CNN/U-Net TC,canonical,7,21,170,170,170,0.9354252185922365,0.9664135730179219,0.015875122549019603,0.013511789215686276,3.6547977003565446,514.556778492647,606.7605238970589,0
CNN/U-Net TC,canonical,7,22,170,170,170,0.9262502141711466,0.9613234395397207,0.00987382352941177,0.023081299019607836,6.08498948297062,510.03483455882355,1543.5868910845588,0
CNN/U-Net TC,canonical,7,23,170,170,170,0.9208222277935826,0.9579370941442252,0.010937401960784318,0.02465267156862745,4.199337673696833,29.90876034007353,667.6501665900736,0
CNN/U-Net TC,canonical,7,24,170,170,170,0.9058034551264305,0.9494064919661642,0.008374852941176462,0.03502749999999998,10.875048327142562,-24510.336540670956,25663.535885799633,0
CNN/U-Net TC,canonical,8,0,170,170,170,0.42272109213441306,0.5900974516719821,0.014955147058823533,6.862745098039217e-07,2.7385614961249045,48.21959374371697,48.32581731010886,0
CNN/U-Net TC,canonical,8,1,170,170,170,0.5401178499522896,0.6943282896509303,0.010537867647058823,1.5612745098039212e-05,2.2098635759756715,-22.00883649938247,23.301481044993682,0
CNN/U-Net TC,canonical,8,2,170,170,170,0.630948582603625,0.7656711835864097,0.007958235294117643,7.735294117647058e-05,1.486122291212051,-30.335618097641888,35.153488024543314,0
CNN/U-Net TC,canonical,8,3,170,170,170,0.6957256506905481,0.8121852985662898,0.005968137254901958,0.00022105392156862743,1.266546287846852,-41.696827832390284,44.11878128051758,0
CNN/U-Net TC,canonical,8,4,170,170,170,0.8594239300206116,0.9234660215861203,0.0017065196078431375,0.0025473039215686277,1.0342743607792415,-54.51589552935432,57.29742485495175,0
CNN/U-Net TC,canonical,8,5,170,170,170,0.8423049087311376,0.9132378837827133,0.0014704166666666663,0.004628210784313729,1.193789847617696,-34.38576642204733,68.13159413057215,0
CNN/U-Net TC,canonical,8,6,170,170,170,0.8808338221930748,0.9359366055618957,0.00037365196078431356,0.005396691176470588,1.9275374089023098,-160.13550558651195,173.97424424115349,0
CNN/U-Net TC,canonical,8,7,170,170,170,0.897643903435358,0.9458074624680337,0.00027012254901960764,0.005849901960784316,1.478424541333629,46.507175580193014,76.46738137637868,0
CNN/U-Net TC,canonical,8,8,170,170,170,0.9140412403575392,0.954876626058603,0.0005601960784313724,0.004241936274509804,1.3496466996013814,-183.40501332002526,184.76225927016316,0
CNN/U-Net TC,canonical,8,9,170,170,170,0.9269114216645093,0.9618767399522883,0.0012243382352941183,0.0038250245098039237,2.722326572654797,-136.18438523236443,216.29951979693246,0
CNN/U-Net TC,canonical,8,10,170,170,170,0.9250978329250181,0.9609352737908254,0.0011301470588235291,0.007162352941176467,1.7323831950841686,-157.48604987649355,297.1584835276884,0
CNN/U-Net TC,canonical,8,11,170,170,170,0.9251870705328502,0.9610053090402301,0.0041747303921568606,0.006131985294117648,2.014315937482642,68.53761704388786,106.65110222311581,0
CNN/U-Net TC,canonical,8,12,170,170,170,0.9301535494927036,0.9636923973133944,0.003730735294117647,0.008264656862745095,1.650319080617502,-9.100748219209558,149.10439022288602,0
CNN/U-Net TC,canonical,8,13,170,170,170,0.9256105520160676,0.9612581018627641,0.004345465686274509,0.01045196078431373,3.2712221095408838,12.653671444163603,204.76299905215993,0
CNN/U-Net TC,canonical,8,14,170,170,170,0.9152137699882956,0.9556062473457354,0.007878186274509804,0.013911617647058828,2.0785365584016944,53.70471335018382,142.09347139246324,0
CNN/U-Net TC,canonical,8,15,170,170,170,0.9005024504863371,0.9474685308945135,0.013726029411764706,0.0139292156862745,2.459475995625624,-60.716274126838236,209.01633157169118,0
CNN/U-Net TC,canonical,8,16,170,170,170,0.8768333068649268,0.9337128042684629,0.02959225490196081,0.008062254901960783,2.4658566274649316,-251.78116814108455,1103.988796817555,0
CNN/U-Net TC,canonical,8,17,170,170,170,0.9077246064034292,0.9513166719009944,0.019431936274509797,0.01166580882352942,2.049208779795536,-253.40623276654412,444.9082950367647,0
CNN/U-Net TC,canonical,8,18,170,170,170,0.9203351352285513,0.9581452089388228,0.022090906862745095,0.007590073529411769,2.2496406256966397,377.5827062270221,581.7999913832721,0
CNN/U-Net TC,canonical,8,19,170,170,170,0.9356831738667781,0.9665578647252191,0.01473066176470588,0.01222485294117647,3.7580852156062243,621.2591997931985,891.2010885799632,0
CNN/U-Net TC,canonical,8,20,170,170,170,0.9356350988585761,0.9664227967576379,0.015187083333333334,0.013097450980392155,1.9737698535265582,369.38764935661766,535.8986443014705,0
CNN/U-Net TC,canonical,8,21,170,170,170,0.9330839644693258,0.9651376791733244,0.013946617647058825,0.016122671568627452,2.7577376948146655,108.40514705882353,272.16353400735295,0
CNN/U-Net TC,canonical,8,22,170,170,170,0.9249432031918096,0.9606075694412782,0.010810906862745094,0.022730367647058804,2.5519984106020215,-165.60275735294118,1106.1027228860294,0
CNN/U-Net TC,canonical,8,23,170,170,170,0.9145704146227024,0.9544663736104759,0.010172034313725495,0.028063774509803928,5.296434794853695,-1395.412678079044,1500.909610523897,0
CNN/U-Net TC,canonical,8,24,170,170,170,0.8970868652087189,0.9444170207817097,0.006683676470588238,0.04039294117647058,4.586070879080557,-24447.13215188419,25140.91866383272,0
CNN/U-Net TC,canonical,9,0,170,170,170,0.4090319677408078,0.5758946702995614,0.015494975490196078,2.2058823529411767e-06,3.4583290872982535,45.929323802274816,45.929323802274816,0
CNN/U-Net TC,canonical,9,1,170,170,170,0.46700929727993307,0.6290434305157868,0.014223504901960782,1.0833333333333334e-05,3.009482025300558,-17.425846324247473,18.833309397977942,0
CNN/U-Net TC,canonical,9,2,170,170,170,0.5103156430032079,0.6692925615570365,0.013760563725490204,2.0710784313725487e-05,2.534538551346669,7.725559189740349,23.392731969496783,0
CNN/U-Net TC,canonical,9,3,170,170,170,0.6033923482589733,0.740367556336964,0.009522377450980392,0.00012703431372549016,2.1151446706958343,-77.87563081629136,77.87563081629136,0
CNN/U-Net TC,canonical,9,4,170,170,170,0.8362931261393521,0.9087989718749716,0.0026189705882352942,0.002010612745098038,1.4456788056068457,-78.15324864107019,78.77969553330365,0
CNN/U-Net TC,canonical,9,5,170,170,170,0.8663769974619873,0.9270079543731513,0.0024125245098039214,0.0016610294117647068,1.1989167780048993,-124.92087842155905,126.4564594044405,0
CNN/U-Net TC,canonical,9,6,170,170,170,0.8661406485344972,0.9276523674728803,0.00100375,0.005653995098039215,1.582701111795589,-50.53186582677505,108.54570644603056,0
CNN/U-Net TC,canonical,9,7,170,170,170,0.8750406668385085,0.9327450267096177,0.000858627450980392,0.007601838235294115,2.0313246592479994,-89.13086619657629,177.70880952722885,0
CNN/U-Net TC,canonical,9,8,170,170,170,0.879238078162335,0.9352534985815665,0.0003499019607843138,0.008219338235294122,1.9113316532536595,-59.79495346966912,165.35898150275736,0
CNN/U-Net TC,canonical,9,9,170,170,170,0.8175996413879579,0.8986463346557864,0.00012727941176470585,0.01577781862745099,3.448236988279906,-241.0482391357422,282.3495646757238,0
CNN/U-Net TC,canonical,9,10,170,170,170,0.9141102292482662,0.9548897926762133,0.001363088235294117,0.007166225490196082,2.4735216061315897,-158.0015660903033,331.1358046587776,0
CNN/U-Net TC,canonical,9,11,170,170,170,0.9229444751691874,0.9597775669460482,0.0029807352941176478,0.007762622549019607,1.7273112136840931,-127.48311049517463,397.0825360466452,0
CNN/U-Net TC,canonical,9,12,170,170,170,0.9195209495051978,0.957925325927056,0.004040269607843137,0.009562524509803919,1.4202635560729142,-143.0638930376838,483.6003216911765,0
CNN/U-Net TC,canonical,9,13,170,170,170,0.9191461858903303,0.9577308359676056,0.0059216421568627445,0.009415710784313726,2.9395867107679092,-255.89286247702205,318.92733513327204,0
CNN/U-Net TC,canonical,9,14,170,170,170,0.8914235220642988,0.942274826279819,0.016952794117647066,0.008448063725490193,2.763554329187813,-327.2793062097886,473.14988870059744,0
CNN/U-Net TC,canonical,9,15,170,170,170,0.9032053537902233,0.9489522106558798,0.015961176470588236,0.012145147058823528,3.0949642424946915,-387.9244025735294,462.73984375,0
CNN/U-Net TC,canonical,9,16,170,170,170,0.9155719001738183,0.955809149257682,0.012418259803921567,0.015462230392156854,2.1055755489735617,-89.33698586856617,177.55763154871323,0
CNN/U-Net TC,canonical,9,17,170,170,170,0.906476095808061,0.9506548503092582,0.022522794117647054,0.010316642156862748,2.2253233196683926,-359.7311710133272,367.92633990119486,0
CNN/U-Net TC,canonical,9,18,170,170,170,0.925216249387533,0.9609196620014698,0.019870465686274503,0.008899019607843141,4.027504603501655,156.86975528492647,494.0949276194853,0
CNN/U-Net TC,canonical,9,19,170,170,170,0.931690016362189,0.9644285922665038,0.012131053921568621,0.01636316176470589,2.4809344288895323,180.39543026194852,406.11412281709556,0
CNN/U-Net TC,canonical,9,20,170,170,170,0.9315820751797669,0.9642441881816329,0.015227009803921568,0.01485529411764706,4.516624412475255,-128.08229836856617,702.8430060891544,0
CNN/U-Net TC,canonical,9,21,170,170,170,0.9350699300636418,0.9662272795099128,0.016125735294117653,0.013808627450980384,7.847544028128448,655.1968922334559,1007.1290383731617,0
CNN/U-Net TC,canonical,9,22,170,170,170,0.9215517330692891,0.9587511244333239,0.009760367647058824,0.02533004901960786,3.2829612471292275,469.4213005514706,758.6017922794117,0
CNN/U-Net TC,canonical,9,23,170,170,170,0.9282402296092346,0.9620412779303629,0.014787181372549009,0.0186136519607843,4.220771697441234,-1070.5554285386029,1129.3053366268382,0
CNN/U-Net TC,canonical,9,24,170,170,170,0.9215401129109727,0.9581918633409228,0.013833578431372543,0.023333161764705894,8.785796919215423,-24676.688746553307,25014.323604090074,0
