split,heldout_alpha_L,heldout_ratio,level_type,variant,seed,n_all_cases,n_heldout_cases,all_global_ssim,all_plume_ssim,all_ice_per_timestep,all_concentration_mae,heldout_global_ssim,heldout_plume_ssim,heldout_ice_per_timestep,heldout_concentration_mae
compositional,6.2,1.0,interior,v0_raw_channels,0,174,29,0.974637635123376,0.9190580346105248,61592709.76686133,256.6384650121827,0.9279198374284201,0.8553558810894102,22101.61992213545,0.09515859916291385
compositional,6.2,1.0,interior,v0_raw_channels,1,174,29,0.9704155098346587,0.9070898156725127,61592696.25650566,256.6384218251483,0.902324040767211,0.7782239603799554,22181.678079881338,0.09574670189342277
compositional,6.2,1.0,interior,v0_raw_channels,2,174,29,0.974420166154965,0.9167683310507644,61592672.49527262,256.63815351304413,0.9234172965824085,0.8274188831434045,22019.080058830525,0.09466066046666097
compositional,6.2,1.0,interior,v0_raw_channels,3,174,29,0.9703228665216891,0.908339282816099,61592712.1204089,256.63844261080925,0.8985439364607897,0.7754377807168645,22455.559299950433,0.09642662029276834
compositional,6.2,1.0,interior,v0_raw_channels,4,174,29,0.9681965537500695,0.9058389889205548,61592672.75142091,256.63839318993314,0.8853387699960009,0.7545203614095082,22054.662928511523,0.09627697585246943
compositional,6.2,1.0,interior,v0_raw_channels,5,174,29,0.9790166356722434,0.9217700491140645,61592705.766685784,256.6382776809074,0.9531225359713008,0.8594621806510048,22399.610526857046,0.0958708809578996
compositional,6.2,1.0,interior,v0_raw_channels,6,174,29,0.9651091356737722,0.90059422705953,61592606.30957263,256.6382478196789,0.8684260098929598,0.7261814843429988,21941.165179809046,0.09618174235276268
compositional,6.2,1.0,interior,v0_raw_channels,7,174,29,0.9694947799772999,0.9092689225309107,61592683.224092126,256.63813945490136,0.8934663237390509,0.7835649715738695,22026.364246739355,0.0949641004788031
compositional,6.2,1.0,interior,v0_raw_channels,8,174,29,0.9788116632235598,0.9205918619624684,61592834.553159505,256.6385618026174,0.9514703994894832,0.8551325308098124,22971.04355497689,0.0971153910018319
compositional,6.2,1.0,interior,v0_raw_channels,9,174,29,0.9691273718894289,0.9081476662595175,61592704.455233,256.63837366693417,0.8927811555356745,0.781413167514278,22251.082738292298,0.09592676644024824
compositional,6.2,1.0,interior,v1_factorized_levels,0,174,29,0.9828088119728121,0.934262993424092,61592692.540799975,256.6375954630467,0.9676728428188888,0.9089615952242961,22203.4716425455,0.09323583926973414
compositional,6.2,1.0,interior,v1_factorized_levels,1,174,29,0.9797524156802686,0.9253062625360386,61592645.68385309,256.6378039572726,0.9520820108799336,0.8697572810974138,22065.516759177895,0.0937048102556507
compositional,6.2,1.0,interior,v1_factorized_levels,2,174,29,0.9822465938756092,0.9318074290866118,61592602.13245738,256.63749518108494,0.965911725148324,0.8989803622830909,21842.40014533997,0.09260955619059728
compositional,6.2,1.0,interior,v1_factorized_levels,3,174,29,0.982712894664707,0.9348572715223572,61592633.25803336,256.6375655494703,0.9670416558375955,0.9099299408782778,21948.432862569876,0.09282260973160035
compositional,6.2,1.0,interior,v1_factorized_levels,4,174,29,0.9764698834381366,0.918445817434575,61592602.53264772,256.63795586351944,0.9345538701840008,0.8264781096942303,21853.933469601336,0.094084475553446
compositional,6.2,1.0,interior,v1_factorized_levels,5,174,29,0.9814271092453674,0.9300660103191216,61592583.564238176,256.6376750262514,0.9656299567374435,0.908436234881475,21781.769962984283,0.09246371851075874
compositional,6.2,1.0,interior,v1_factorized_levels,6,174,29,0.9826932030879988,0.9337967326594122,61592642.88337799,256.63755987817405,0.9669612552874698,0.9021792183657857,21911.410623734573,0.09264495213194911
compositional,6.2,1.0,interior,v1_factorized_levels,7,174,29,0.9783161665922302,0.9245900222755823,61592683.50383281,256.63777465020723,0.9402974251417701,0.8547719363439684,22067.734921519837,0.09386818263908558
compositional,6.2,1.0,interior,v1_factorized_levels,8,174,29,0.9804688893543848,0.9296142220994384,61592666.11372306,256.63768026145874,0.9567254399359607,0.8895942964078605,22009.973617958858,0.09332242772233039
compositional,6.2,1.0,interior,v1_factorized_levels,9,174,29,0.9810168560072631,0.9261362990608817,61592616.04859728,256.6378059272857,0.9632421325739512,0.8901374448136777,21725.65041479703,0.09282008539350374
compositional,6.2,1.0,interior,v2_joint_embedding,0,174,29,0.982438464124656,0.9330163105555216,61592621.14638091,256.6373475810202,0.9634920619076762,0.8931593615849184,21807.44120268986,0.09243748551318903
compositional,6.2,1.0,interior,v2_joint_embedding,1,174,29,0.9792252038813989,0.9203427177366699,61592598.56134078,256.63786093060634,0.9504114519176896,0.8428268117737286,21771.425074799638,0.09347486526125255
compositional,6.2,1.0,interior,v2_joint_embedding,2,174,29,0.9780682489545671,0.9235591759723403,61592570.32468858,256.63758785920726,0.940231539512751,0.8483456612169062,21775.266350592254,0.09337798278791838
compositional,6.2,1.0,interior,v2_joint_embedding,3,174,29,0.9815522083252939,0.9321859468507768,61592626.70181452,256.63757591138557,0.9598688902313177,0.8925150685400322,21883.458615183335,0.09314244897374763
compositional,6.2,1.0,interior,v2_joint_embedding,4,174,29,0.9758624686787235,0.9168946560992662,61592564.36030156,256.6377965296749,0.9302792100102042,0.8169277248756621,21767.100920541696,0.0938656439900334
compositional,6.2,1.0,interior,v2_joint_embedding,5,174,29,0.9727230058862861,0.9101995121776697,61592604.14065338,256.63809496302724,0.9138594040137775,0.7939484636141877,21825.36042924552,0.09459429205881013
compositional,6.2,1.0,interior,v2_joint_embedding,6,174,29,0.9739665604875261,0.91666028898477,61592615.57915608,256.63783315566786,0.9150902947605775,0.8019922567016186,21729.887266053825,0.09436716698125158
compositional,6.2,1.0,interior,v2_joint_embedding,7,174,29,0.9751677345005882,0.916524086401089,61592570.20926062,256.6378199743462,0.9219076899943416,0.8107455992304011,21757.062413729964,0.09390109099396544
compositional,6.2,1.0,interior,v2_joint_embedding,8,174,29,0.9783259789058739,0.9186139772793231,61592624.45717425,256.6375886768078,0.9423038854935705,0.8169261814690831,21728.722199357133,0.09316915509683393
compositional,6.2,1.0,interior,v2_joint_embedding,9,174,29,0.9809931999568492,0.9282461705094918,61592606.287582986,256.6377229099227,0.9633306799800366,0.9018610671462981,21748.332707432714,0.09276061793564465
compositional,6.2,1.0,interior,v3_factorized_continuous,0,174,29,0.9783329437848914,0.9265003053464934,61592653.683693565,256.6376643789034,0.9412279676132108,0.8605491201256249,21968.205716523797,0.09364198916317727
compositional,6.2,1.0,interior,v3_factorized_continuous,1,174,29,0.9781627814736692,0.9243201241583034,61592690.28630531,256.6380587297837,0.945671990322174,0.8721662601841064,22185.61557134694,0.09412219888638054
compositional,6.2,1.0,interior,v3_factorized_continuous,2,174,29,0.9793018548401967,0.926913572587827,61592620.99231722,256.6376127915688,0.9492648104758385,0.8744979647132268,21951.01314161893,0.0932153435746822
compositional,6.2,1.0,interior,v3_factorized_continuous,3,174,29,0.9790017329225527,0.9286496193159542,61592607.3210063,256.6375718213129,0.9452023516211685,0.8710236633751953,21773.002929308663,0.09313175819523167
compositional,6.2,1.0,interior,v3_factorized_continuous,4,174,29,0.9816161484376513,0.9317991089620042,61592561.15149518,256.6376447207606,0.9643378934334866,0.9076588174973425,21748.352533269423,0.09247173648192106
grouped_standard,,,standard,v0_raw_channels,0,174,0,0.9852462600670789,0.9370729998209579,61592594.991430536,256.63764624147217,,,,
grouped_standard,,,standard,v0_raw_channels,1,174,0,0.9857205319137385,0.9405535408120068,61592632.91761629,256.6376956590364,,,,
grouped_standard,,,standard,v0_raw_channels,2,174,0,0.9861180370815937,0.9416052908446322,61592590.81195,256.63752111528066,,,,
grouped_standard,,,standard,v0_raw_channels,3,174,0,0.9853381012950506,0.9381716345029552,61592618.696980596,256.6377125406415,,,,
grouped_standard,,,standard,v0_raw_channels,4,174,0,0.985974433110886,0.9419324196689478,61592574.563179314,256.6374972869354,,,,
grouped_standard,,,standard,v0_raw_channels,5,174,0,0.9856781168036448,0.9409952138713478,61592553.67698214,256.6374806617385,,,,
grouped_standard,,,standard,v0_raw_channels,6,174,0,0.9856364021285828,0.9412473371452825,61592561.792722605,256.63746344934134,,,,
grouped_standard,,,standard,v0_raw_channels,7,174,0,0.986640239398662,0.942908809150269,61592601.28399862,256.6373955669392,,,,
grouped_standard,,,standard,v0_raw_channels,8,174,0,0.98583176654531,0.941229280980913,61592597.4094874,256.6374281816237,,,,
grouped_standard,,,standard,v0_raw_channels,9,174,0,0.9860278806067302,0.9402690805550401,61592625.268882506,256.63760765965236,,,,
grouped_standard,,,standard,v1_factorized_levels,0,174,0,0.9863113383503735,0.9432545290934989,61592592.149451055,256.6373595314804,,,,
grouped_standard,,,standard,v1_factorized_levels,1,174,0,0.9863718229004842,0.9417449969057539,61592664.61577297,256.6376493160777,,,,
grouped_standard,,,standard,v1_factorized_levels,2,174,0,0.9869614554119059,0.9452398744856663,61592555.44309245,256.6371967670783,,,,
grouped_standard,,,standard,v1_factorized_levels,3,174,0,0.9868937930159525,0.9445840061980818,61592572.71350986,256.63732208930594,,,,
grouped_standard,,,standard,v1_factorized_levels,4,174,0,0.9854057175312536,0.9394843409251925,61592571.467388324,256.63766140938736,,,,
grouped_standard,,,standard,v1_factorized_levels,5,174,0,0.9862212174858292,0.9417455469623721,61592583.41640264,256.6374463171626,,,,
grouped_standard,,,standard,v1_factorized_levels,6,174,0,0.9869340374738408,0.9451166721428949,61592647.33390732,256.63735391786935,,,,
grouped_standard,,,standard,v1_factorized_levels,7,174,0,0.9863891956297263,0.9424579656160849,61592592.72338923,256.63744862032115,,,,
grouped_standard,,,standard,v1_factorized_levels,8,174,0,0.9865416776112296,0.9434940468263242,61592617.94152091,256.63733500478907,,,,
grouped_standard,,,standard,v1_factorized_levels,9,174,0,0.9857885473403604,0.9402538221336348,61592634.081830144,256.6376276202743,,,,
grouped_standard,,,standard,v2_joint_embedding,0,174,0,0.9867544692576812,0.944254597114366,61592583.801121704,256.63731712587594,,,,
grouped_standard,,,standard,v2_joint_embedding,1,174,0,0.9863795268779233,0.9424717492553144,61592624.55473431,256.6375740633967,,,,
grouped_standard,,,standard,v2_joint_embedding,2,174,0,0.9867974944875619,0.9444260052457233,61592554.67232648,256.63721503779936,,,,
grouped_standard,,,standard,v2_joint_embedding,3,174,0,0.9868015880341613,0.9443860782198208,61592606.76950884,256.6373703608603,,,,
grouped_standard,,,standard,v2_joint_embedding,4,174,0,0.9855281226647711,0.9402293200511053,61592593.33057401,256.63758286079076,,,,
grouped_standard,,,standard,v2_joint_embedding,5,174,0,0.9859906082004819,0.9407780307742869,61592616.50387001,256.63756926850465,,,,
grouped_standard,,,standard,v2_joint_embedding,6,174,0,0.9870607865310275,0.9456297498040783,61592628.79913784,256.6373274840574,,,,
grouped_standard,,,standard,v2_joint_embedding,7,174,0,0.986585831622337,0.943368416227732,61592591.60029671,256.63745871328143,,,,
grouped_standard,,,standard,v2_joint_embedding,8,174,0,0.9866750090827978,0.9442999064331261,61592608.18948855,256.63729197546684,,,,
grouped_standard,,,standard,v2_joint_embedding,9,174,0,0.9859167957208557,0.9410910177067264,61592633.05006574,256.63755400882894,,,,
grouped_standard,,,standard,v3_factorized_continuous,0,174,0,0.9865466585253269,0.9437687319848876,61592614.7997545,256.6373794228651,,,,
grouped_standard,,,standard,v3_factorized_continuous,1,174,0,0.9863531365675844,0.9415838924032555,61592662.381767265,256.6377267439388,,,,
grouped_standard,,,standard,v3_factorized_continuous,2,174,0,0.9869625044101206,0.9442505977411462,61592549.04583818,256.63719563287094,,,,
grouped_standard,,,standard,v3_factorized_continuous,3,174,0,0.9869510975189612,0.9443855831610246,61592588.62872028,256.63731605336807,,,,
grouped_standard,,,standard,v3_factorized_continuous,4,174,0,0.9859605902135433,0.941882617564619,61592536.04870931,256.6373669154462,,,,
loco_0p62_0p1,0.62,0.1,boundary,v0_raw_channels,0,174,29,0.9831352308057861,0.929036201172046,61592676.63771138,256.63804381483567,0.9703218232893603,0.8584392344006531,369465940.35191125,1539.4433629517957
loco_0p62_0p1,0.62,0.1,boundary,v0_raw_channels,1,174,29,0.9830147620548315,0.9272430689912831,61592798.065811664,256.63819587451684,0.9682537576125094,0.8402796664526005,369466422.85099226,1539.4444022648618
loco_0p62_0p1,0.62,0.1,boundary,v0_raw_channels,2,174,29,0.9828477872532417,0.9282193335158192,61592673.27506339,256.6381041599445,0.9692015377441273,0.850727760987026,369465861.70682216,1539.4435780725278
loco_0p62_0p1,0.62,0.1,boundary,v0_raw_channels,3,174,29,0.9836297558068476,0.9310676131428802,61592660.54527354,256.63805512169165,0.9724145249189033,0.8647615484986892,369465773.0871647,1539.4433640859586
loco_0p62_0p1,0.62,0.1,boundary,v0_raw_channels,4,174,29,0.9821031028776862,0.926047144278675,61592656.19283611,256.63798851235583,0.9660508061808155,0.8404191257331672,369465790.86413157,1539.4432670186666
loco_0p62_0p1,0.62,0.1,boundary,v1_factorized_levels,0,174,29,0.9849075995453339,0.9370799706665719,61592699.03727953,256.6375424892364,0.97219428684833,0.8690671410108305,369465830.8977204,1539.4425137028918
loco_0p62_0p1,0.62,0.1,boundary,v1_factorized_levels,1,174,29,0.9834854148472326,0.9283361180503249,61592839.41350178,256.63833419709204,0.9706141586978353,0.8500063068747866,369466779.99568784,1539.4456868254588
loco_0p62_0p1,0.62,0.1,boundary,v1_factorized_levels,2,174,29,0.9835652595327122,0.9297159883414065,61592840.80426645,256.6382836968794,0.9673694619458723,0.8403877632902482,369467143.64998037,1539.446786477673
loco_0p62_0p1,0.62,0.1,boundary,v1_factorized_levels,3,174,29,0.9848249628626651,0.9357411644248113,61592787.203722894,256.63781931931663,0.9718436042987769,0.8632991875164233,369466440.5644756,1539.4442325746952
loco_0p62_0p1,0.62,0.1,boundary,v1_factorized_levels,4,174,29,0.984049470887565,0.9332978697202885,61592697.34999301,256.6379933285348,0.9735022083395974,0.8701096032150256,369466293.7429417,1539.4441444433094
loco_0p62_0p1,0.62,0.1,boundary,v2_joint_embedding,0,174,29,0.9740159933663934,0.9052131739497479,61592635.38055973,256.63768851356485,0.907334996681396,0.68128547562792,369465541.50889117,1539.4433427143877
loco_0p62_0p1,0.62,0.1,boundary,v2_joint_embedding,1,174,29,0.9636633231741493,0.8737415406812823,61592634.66896603,256.63839440412744,0.8520808330224081,0.5207759056479707,369465720.72085315,1539.4461145635585
loco_0p62_0p1,0.62,0.1,boundary,v2_joint_embedding,2,174,29,0.9824782960995923,0.9302814066966069,61592574.42099348,256.63753217450375,0.9604935397027344,0.8412124142732421,369465562.6727078,1539.4423904033326
loco_0p62_0p1,0.62,0.1,boundary,v2_joint_embedding,3,174,29,0.9833200139123404,0.9341293089727958,61592675.88562271,256.63756943346016,0.9625397434137574,0.8506770342555457,369465788.00820243,1539.4427406197603
loco_0p62_0p1,0.62,0.1,boundary,v2_joint_embedding,4,174,29,0.9766955284542602,0.9125578032362248,61592588.750946805,256.6376296369601,0.9277275415151937,0.7366585725819059,369465666.13984346,1539.4427523688516
loco_0p62_1p0,0.62,1.0,boundary,v0_raw_channels,0,174,29,0.9783996083758142,0.918214312489763,61592641.2841578,256.63817336098487,0.9484033966482023,0.8227968033400604,380.7693921450911,0.004651945488154085
loco_0p62_1p0,0.62,1.0,boundary,v0_raw_channels,1,174,29,0.9765321423246602,0.9100325388223919,61592672.049146794,256.63814083567314,0.934055899386688,0.7702563829986193,530.0052775021258,0.005546665540806034
loco_0p62_1p0,0.62,1.0,boundary,v0_raw_channels,2,174,29,0.9781049897301721,0.917309381368891,61592764.533945136,256.63842754541156,0.949635953001217,0.822692821753402,977.4375225014522,0.005713448619273299
loco_0p62_1p0,0.62,1.0,boundary,v0_raw_channels,3,174,29,0.9791551347620778,0.9184486777970229,61592637.30324248,256.6380988081829,0.9538470314115142,0.8307546063488741,350.6795727670604,0.004488935409503154
loco_0p62_1p0,0.62,1.0,boundary,v0_raw_channels,4,174,29,0.9798437945866114,0.9228707391229615,61592658.97519005,256.63798728599187,0.9542177147685275,0.8359713767282219,675.0058727580104,0.004982040399627294
loco_0p62_1p0,0.62,1.0,boundary,v1_factorized_levels,0,174,29,0.978128361935429,0.9189284993327953,61592670.71302465,256.63766175278766,0.9377460354354534,0.799436517664777,293.0190095020163,0.0038911617198830535
loco_0p62_1p0,0.62,1.0,boundary,v1_factorized_levels,1,174,29,0.9779954833150879,0.916867814284756,61592604.046185985,256.6378511902285,0.9420927473326342,0.8068275094512047,264.6576016393201,0.003982489395340712
loco_0p62_1p0,0.62,1.0,boundary,v1_factorized_levels,2,174,29,0.9770069671139179,0.9158721497911331,61592570.7037241,256.6376626734143,0.9333989677880844,0.7857893964519438,268.8212613835828,0.0042303288923696905
loco_0p62_1p0,0.62,1.0,boundary,v1_factorized_levels,3,174,29,0.9813319892027174,0.9285900931474628,61592632.35150767,256.6376412245445,0.958691803665049,0.8572319905251011,352.92292328670106,0.00401241194348429
loco_0p62_1p0,0.62,1.0,boundary,v1_factorized_levels,4,174,29,0.972583158614576,0.9008392708720155,61592605.7525848,256.63785063865276,0.9077188302141908,0.6935830666745189,608.0996974129513,0.005128438042312186
loco_0p62_1p0,0.62,1.0,boundary,v2_joint_embedding,0,174,29,0.9832784204812438,0.9303045522262495,61592657.441754356,256.6375029094718,0.9674516472467385,0.8644635098636343,339.88902003584235,0.0033011305609874524
loco_0p62_1p0,0.62,1.0,boundary,v2_joint_embedding,1,174,29,0.9745643559304351,0.9033106763258715,61592631.247386746,256.6379607714408,0.922468490207892,0.7264752174950609,329.85263913647884,0.004670160563425803
loco_0p62_1p0,0.62,1.0,boundary,v2_joint_embedding,2,174,29,0.9696252162284598,0.8947869964832896,61592584.06069384,256.6378681724624,0.8897860635225918,0.6593131647949259,289.91498598032985,0.005449102982690012
loco_0p62_1p0,0.62,1.0,boundary,v2_joint_embedding,3,174,29,0.9781026506962645,0.9170968891527663,61592630.67126721,256.6375270239067,0.9367818804514438,0.7802889174973198,311.50188410528773,0.003908055212453072
loco_0p62_1p0,0.62,1.0,boundary,v2_joint_embedding,4,174,29,0.9673029127538297,0.8898701851712656,61592559.8249716,256.63801455036645,0.874202954148675,0.6245690885904803,268.165763560328,0.006107747037212589
loco_62p0_0p1,62.0,0.1,boundary,v0_raw_channels,0,174,29,0.980204782736983,0.9279425255973032,61592670.17655001,256.6381435662941,0.958027736285276,0.9007856307830756,507.39525364316745,0.003859533572981961
loco_62p0_0p1,62.0,0.1,boundary,v0_raw_channels,1,174,29,0.9816467564566126,0.9292560052546722,61592783.50688977,256.638262569251,0.9592533711085044,0.8820062022749865,1415.1191593985723,0.007336833355526825
loco_62p0_0p1,62.0,0.1,boundary,v0_raw_channels,2,174,29,0.9740967072962012,0.920459998978241,61592713.37471127,256.63842049655926,0.9195943939802882,0.8464380230087093,907.5671786078091,0.006243009653237472
loco_62p0_0p1,62.0,0.1,boundary,v0_raw_channels,3,174,29,0.9790197463180389,0.9243161448865881,61592741.389408186,256.638394055164,0.9478105701059737,0.8680986819677369,1076.1409466368577,0.006239739332638143
loco_62p0_0p1,62.0,0.1,boundary,v0_raw_channels,4,174,29,0.9796393629587484,0.9260620230910797,61592659.09506459,256.6380938639227,0.9498315982515916,0.861403665226278,877.8283254531334,0.005638073203444946
loco_62p0_0p1,62.0,0.1,boundary,v1_factorized_levels,0,174,29,0.981171114842349,0.9290054344171211,61592635.67781065,256.63758374721795,0.9538733700232479,0.8657183516718698,435.83615390382965,0.00365675024374625
loco_62p0_0p1,62.0,0.1,boundary,v1_factorized_levels,1,174,29,0.9774384584414526,0.9229508186514886,61592725.0090229,256.63831893927016,0.9365586275311455,0.852084689503333,898.0451623429923,0.00645347015696361
loco_62p0_0p1,62.0,0.1,boundary,v1_factorized_levels,2,174,29,0.9805496500306472,0.9269701405408524,61592600.84617371,256.6376514763942,0.9541119527745495,0.8694855722445054,471.40885970806255,0.003786402494503097
loco_62p0_0p1,62.0,0.1,boundary,v1_factorized_levels,3,174,29,0.9807941363834797,0.9285799056855092,61592590.94261988,256.63766944609404,0.9558962648142822,0.8765631636786131,365.7649230930723,0.0035804665129950896
loco_62p0_0p1,62.0,0.1,boundary,v1_factorized_levels,4,174,29,0.9774955581302576,0.9169121401335042,61592594.60010057,256.63794400866664,0.9368103086424658,0.8117187797369506,374.2939312533675,0.00439561126523868
loco_62p0_0p1,62.0,0.1,boundary,v2_joint_embedding,0,174,29,0.9811270059409557,0.92967596545086,61592633.09783912,256.63755836398434,0.9526345638815469,0.869238672903631,431.0611219787598,0.004077218036339939
loco_62p0_0p1,62.0,0.1,boundary,v2_joint_embedding,1,174,29,0.9800917718917472,0.9242205492271334,61592662.44674557,256.63801956977676,0.9533744737965181,0.8663829143236133,474.3006245580213,0.004234600701105404
loco_62p0_0p1,62.0,0.1,boundary,v2_joint_embedding,2,174,29,0.9777671120593969,0.9176868937166885,61592556.5085823,256.6376718441945,0.9414938374186936,0.8260684479193188,288.39464640650255,0.003605246923162385
loco_62p0_0p1,62.0,0.1,boundary,v2_joint_embedding,3,174,29,0.9773815328618749,0.9149468771736209,61592582.96949059,256.63765188168475,0.9346011907726792,0.7948953405423774,361.6188548436658,0.003825255916915545
loco_62p0_0p1,62.0,0.1,boundary,v2_joint_embedding,4,174,29,0.9783365944787317,0.9206669478889952,61592572.01186493,256.6377090292889,0.9411121355708165,0.8263616150367042,329.4870088406267,0.003820394832146121
loco_62p0_1p0,62.0,1.0,boundary,v0_raw_channels,0,174,29,0.9685403359747584,0.908272469531922,61592650.74360074,256.6386661170101,0.8898306933600264,0.7969286134218164,540.1806856799948,0.008391199612830453
loco_62p0_1p0,62.0,1.0,boundary,v0_raw_channels,1,174,29,0.9669196027826463,0.9062229092493391,61592654.68767495,256.6385870783797,0.8748932467867223,0.7651803247014737,623.6934363503292,0.008775453654098814
loco_62p0_1p0,62.0,1.0,boundary,v0_raw_channels,2,174,29,0.9678699928901747,0.9082277930694264,61592671.16184609,256.63868396164685,0.8844804240778014,0.7915487351840238,800.7517631635994,0.009059622935701868
loco_62p0_1p0,62.0,1.0,boundary,v0_raw_channels,3,174,29,0.9682409147657692,0.9085547101603684,61592628.405337855,256.6382282444381,0.8887250136299081,0.7911679970692742,530.9520529569429,0.005708191837891655
loco_62p0_1p0,62.0,1.0,boundary,v0_raw_channels,4,174,29,0.9683159348728348,0.9088330819976248,61592632.49329761,256.6384773643713,0.8875409444041078,0.7917606847319965,308.151670903173,0.006603034896151853
loco_62p0_1p0,62.0,1.0,boundary,v1_factorized_levels,0,174,29,0.9718207388309578,0.9160209525797303,61592630.018609166,256.63828530709435,0.9007844734865018,0.8115286731642672,338.0092966829497,0.007063644276791381
loco_62p0_1p0,62.0,1.0,boundary,v1_factorized_levels,1,174,29,0.9718975796875171,0.913003546753864,61592764.041782096,256.63838432550557,0.9086576164296345,0.8260451514568964,994.044181000282,0.005786770751483032
loco_62p0_1p0,62.0,1.0,boundary,v1_factorized_levels,2,174,29,0.9722132117096018,0.9183080169370986,61592628.345785014,256.6380189373461,0.9042089622365145,0.8179014144778515,578.1956865771064,0.00582917839010218
loco_62p0_1p0,62.0,1.0,boundary,v1_factorized_levels,3,174,29,0.9738957031470863,0.9208381344538421,61592632.79345655,256.63795533027377,0.9150493193468218,0.8399629353021595,432.82330727412784,0.005464977966360587
loco_62p0_1p0,62.0,1.0,boundary,v1_factorized_levels,4,174,29,0.9697915985833261,0.9122668318171536,61592635.43325492,256.63834123969804,0.8947411674733133,0.8076152578936706,287.08582832599507,0.006710251627413652
loco_62p0_1p0,62.0,1.0,boundary,v2_joint_embedding,0,174,29,0.9603370092117021,0.8952349801835026,61592600.75994894,256.63864992724683,0.8323764417363996,0.6868539483404739,316.2026479892073,0.009730028985896156
loco_62p0_1p0,62.0,1.0,boundary,v2_joint_embedding,1,174,29,0.9582928450434506,0.8900119385158823,61592647.072961606,256.6390985772884,0.8259781870540761,0.679954631805804,470.0203662924931,0.01072907218542492
loco_62p0_1p0,62.0,1.0,boundary,v2_joint_embedding,2,174,29,0.9642297008739046,0.903625005912339,61592620.6066878,256.63830114235634,0.8572425051659981,0.7374221429140576,557.919414696529,0.007315410361489771
loco_62p0_1p0,62.0,1.0,boundary,v2_joint_embedding,3,174,29,0.9558554759469904,0.8858711295157197,61592617.12869114,256.63886615013416,0.8086925856572443,0.6396826481572334,293.96825831446154,0.010349225539248436
loco_62p0_1p0,62.0,1.0,boundary,v2_joint_embedding,4,174,29,0.9614069530888556,0.8966423844317234,61592637.581119485,256.638679688154,0.8430813111264289,0.7083653468161553,337.40871164782294,0.008889326825461969
loco_6p2_0p1,6.2,0.1,interior,v0_raw_channels,0,174,29,0.9731572089995948,0.9078980903534517,61592642.422946915,256.63823101748466,0.9158577912257754,0.7587212415796659,67329.42218210155,0.2839387008742478
loco_6p2_0p1,6.2,0.1,interior,v0_raw_channels,1,174,29,0.9754690101779081,0.9148669927751736,61592733.11032843,256.63833379969196,0.9273275246988272,0.7938482518787199,67825.33000634555,0.28454631541822517
loco_6p2_0p1,6.2,0.1,interior,v0_raw_channels,2,174,29,0.9774880514573496,0.919840373785282,61592706.62453591,256.6382165361901,0.9402533723300041,0.8268634052499213,67608.66815001388,0.2839034151032483
loco_6p2_0p1,6.2,0.1,interior,v0_raw_channels,3,174,29,0.9720531590664333,0.9055790222582852,61592634.25158346,256.6382885402335,0.9082944777475808,0.7381759641990533,67572.8872626811,0.28476883278206266
loco_6p2_0p1,6.2,0.1,interior,v0_raw_channels,4,174,29,0.9730819783761404,0.9053653766599898,61592648.654785775,256.6381274761262,0.9172186624568025,0.742737186974875,67594.33227666131,0.2841826697413565
loco_6p2_0p1,6.2,0.1,interior,v1_factorized_levels,0,174,29,0.9845184365284657,0.9378744366767188,61592703.51788024,256.63761715550606,0.9760608166906332,0.9064892541121651,67407.10455207298,0.2823994240496741
loco_6p2_0p1,6.2,0.1,interior,v1_factorized_levels,1,174,29,0.982174182106241,0.92854529135527,61592620.10946648,256.63786892836293,0.9671535439716339,0.8751421377863178,67237.39576824583,0.2826031259416024
loco_6p2_0p1,6.2,0.1,interior,v1_factorized_levels,2,174,29,0.9805529249958401,0.9272970925442064,61592640.60637673,256.6377748965364,0.9574429115611778,0.8587730902607342,67587.63334668917,0.283160721001693
loco_6p2_0p1,6.2,0.1,interior,v1_factorized_levels,3,174,29,0.9847174906111058,0.9373729354940625,61592766.71446393,256.6378780658449,0.9759242447124234,0.8954189905372166,67958.92941125015,0.28420570475463797
loco_6p2_0p1,6.2,0.1,interior,v1_factorized_levels,4,174,29,0.9825595262732456,0.9322633789712823,61592591.910657756,256.6377111064976,0.9684543076579004,0.8802088637236274,67466.30515431898,0.2827834910308292
loco_6p2_0p1,6.2,0.1,interior,v2_joint_embedding,0,174,29,0.9843974017539975,0.9377125175561383,61592657.77153105,256.6375099438788,0.9737830854559724,0.9007088785691953,67265.68632210042,0.28208104211061286
loco_6p2_0p1,6.2,0.1,interior,v2_joint_embedding,1,174,29,0.978995781620182,0.922305548133243,61592616.5922025,256.6377765511442,0.947682752050949,0.832865981413952,67181.24352533538,0.28263448721403056
loco_6p2_0p1,6.2,0.1,interior,v2_joint_embedding,2,174,29,0.9686119234128379,0.8953837177042969,61592584.40679569,256.6380030294252,0.8862100924752448,0.669851069663397,67256.79108136933,0.2844330945943185
loco_6p2_0p1,6.2,0.1,interior,v2_joint_embedding,3,174,29,0.9711375658007718,0.9033721310082005,61592635.49335812,256.63790172780466,0.8954184434765516,0.695818740626729,67204.19418793777,0.28433788672421767
loco_6p2_0p1,6.2,0.1,interior,v2_joint_embedding,4,174,29,0.9845168971106169,0.9344653246010711,61592567.463761546,256.6377661430075,0.9799608611658144,0.892035227608401,67389.76778473164,0.28305083657603847
