split,heldout_alpha_L,heldout_ratio,level_type,variant,n_seeds,all_global_ssim_mean,all_global_ssim_std,all_plume_ssim_mean,all_plume_ssim_std,all_ice_per_timestep_mean,all_ice_per_timestep_std,all_concentration_mae_mean,all_concentration_mae_std,heldout_global_ssim_mean,heldout_global_ssim_std,heldout_plume_ssim_mean,heldout_plume_ssim_std,heldout_ice_per_timestep_mean,heldout_ice_per_timestep_std,heldout_concentration_mae_mean,heldout_concentration_mae_std
compositional,6.2,1.0,interior,v0_raw_channels,10,0.9719552317821063,0.004597438094647821,0.9117467179996946,0.007219148928300571,61592699.76992124,56.736975142623194,256.63834765761567,0.00013856471526368065,0.9096810305863299,0.028237209227587542,0.7996711201631106,0.04666783782435702,22240.18665359839,306.80013719838536,0.09583284388997809,0.0007391815744429886
compositional,6.2,1.0,interior,v1_factorized_levels,10,0.9807912823918777,0.0021065316645508345,0.928888306041811,0.005238416595068403,61592636.82615609,36.38804009186951,256.6376911757771,0.00014294169792155318,0.9580118314545338,0.012035405971462534,0.8859226419990076,0.027578915758124104,21941.029442022915,147.26311196813845,0.0931576657398656,0.0005742164250204159
compositional,6.2,1.0,interior,v2_joint_embedding,10,0.9778323073701762,0.0033218853327637355,0.9216242842566919,0.007477169629947918,61592600.176835366,23.79952359176073,256.6377228491666,0.00020634551907745152,0.9400775107821943,0.01923630757985119,0.8419248196152836,0.04073902973852172,21779.405717962592,47.65933946621541,0.09350907495926468,0.0006808200578561937
compositional,6.2,1.0,interior,v3_factorized_continuous,5,0.9792830922917922,0.0013856897760665733,0.9276365460741165,0.0027913095119325307,61592626.68696351,48.672545174475545,256.63771048846587,0.00019779835772117867,0.9491410026931757,0.00895996595716102,0.8771791651790992,0.01785900234340134,21925.237978413552,176.61472711679878,0.09331660526027855,0.0006150368675435854
grouped_standard,,,standard,v0_raw_channels,10,0.9858211768951277,0.00040193201452807197,0.9405985607352352,0.0017491623441631395,61592595.141323,26.259624398581003,256.6375448362661,0.00011282115754633902,,,,,,,,
grouped_standard,,,standard,v1_factorized_levels,10,0.9863818802750957,0.0005015814754159979,0.9427375801289504,0.0019711947255393303,61592603.18862649,36.103353486109135,256.6374400593746,0.00015850880870034047,,,,,,,,
grouped_standard,,,standard,v2_joint_embedding,10,0.9864490232479599,0.00048641203012328487,0.9430934870832279,0.0018475048492694716,61592604.12711242,23.971305054888223,256.6374260898862,0.0001380952107587196,,,,,,,,
grouped_standard,,,standard,v3_factorized_continuous,5,0.9865547974471073,0.00042340710416758785,0.9431742845709866,0.0013394787180933344,61592590.180957906,51.0975779089791,256.6373969536978,0.00019814525504759526,,,,,,,,
loco_0p62_0p1,0.62,0.1,boundary,v0_raw_channels,5,0.9829461277596786,0.0005541163556192385,0.9283226722201406,0.0018972396834941,61592692.94333922,59.37946388337043,256.63807749666887,7.790628764090037e-05,0.9692484899491431,0.002366046296160163,0.8509254672144272,0.010858743200380246,369465957.7722044,268.23365367876136,1539.443594878762,0.00046548427512663865
loco_0p62_0p1,0.62,0.1,boundary,v1_factorized_levels,5,0.9841665415351017,0.0006748823539994389,0.9328342222406806,0.0037632428004668204,61592772.76175273,71.41960739003304,256.63799460621186,0.00032940562667603345,0.9711047440260824,0.002327759619338192,0.8585740003814628,0.012938780062509717,369466497.77016115,496.5960223787138,1539.4446728048056,0.001630225472921213
loco_0p62_0p1,0.62,0.1,boundary,v2_joint_embedding,5,0.9760346310013471,0.007939750700713784,0.9111846467073316,0.024138527312108214,61592621.82141775,40.658038429621264,256.63776283252326,0.00035803399852408845,0.9220353308670979,0.04544715095176961,0.7261218804773169,0.13513707093271043,369465655.8100996,104.32615675033787,1539.443468133978,0.0015184218447921402
loco_0p62_1p0,0.62,1.0,boundary,v0_raw_channels,5,0.9784071339558672,0.0012480425031418485,0.9173751299202061,0.004636173525656051,61592674.82913645,52.05642844819469,256.63816556724885,0.0001624391658203591,0.9480319990432298,0.008217658525521426,0.8164943982338355,0.02645184796898872,582.779527534748,255.7949554888619,0.005076607091472773,0.0005387857690329467
loco_0p62_1p0,0.62,1.0,boundary,v1_factorized_levels,5,0.9774091920363456,0.003150462818858139,0.9162195654856325,0.009968232839781791,61592616.713405445,37.275990702158985,256.63773349592554,0.00010753055517189669,0.9359296768870824,0.018450293830278505,0.7885736961535091,0.05957376937619427,357.5040986449143,144.44945971019658,0.004248965998677986,0.0005071513384445459
loco_0p62_1p0,0.62,1.0,boundary,v2_joint_embedding,5,0.9745747112180466,0.006433847462606384,0.9070738598718885,0.016592326304381337,61592612.64921475,39.63824596603602,256.6377746855296,0.00024295134181660756,0.9181382071154682,0.037189729039973765,0.7310219796482842,0.09582395099810746,307.86485856365334,29.24232137308296,0.004687239271353786,0.0011321434829979675
loco_62p0_0p1,62.0,0.1,boundary,v0_raw_channels,5,0.9789214711533168,0.0028669426892757857,0.9256073395615768,0.0034327427460777845,61592713.50852476,51.272842115084444,256.6382629102382,0.00014564699636609782,0.9469035339463268,0.016058111318470382,0.8717464406521572,0.02067203680435258,956.8101727479079,329.7437395272243,0.005863437823565869,0.001277007581293405
loco_62p0_0p1,62.0,0.1,boundary,v1_factorized_levels,5,0.9794897835656372,0.0018598654461641627,0.9248836878856951,0.00505681871874995,61592629.41514554,56.3156707784054,256.63783352352857,0.0003042557217749987,0.9474501047571382,0.009859078467621973,0.8551141113670544,0.02584271100994165,509.06980606026485,221.80180815076392,0.004374540134689345,0.0012056196703428576
loco_62p0_0p1,62.0,0.1,boundary,v2_joint_embedding,5,0.9789408034465413,0.0016029780420897736,0.9214394466914596,0.00575340420447159,61592601.4069045,44.58150808829678,256.63772213778583,0.00017530319809250407,0.9446432402880509,0.008113659605598953,0.8365893981451289,0.03125428422185621,376.97245132551524,75.3906249062104,0.003912543281933879,0.0002456523096708379
loco_62p0_1p0,62.0,1.0,boundary,v0_raw_channels,5,0.9679773562572367,0.0006386340960002013,0.9080221928017361,0.0010348245308900003,61592647.49835145,17.40598893113622,256.6385285531692,0.00018661888470638123,0.8850940644517132,0.006042348516802424,0.7873172710217169,0.012598607071500057,560.7459218108079,177.960425811577,0.007707500587334929,0.0014708231448604028
loco_62p0_1p0,62.0,1.0,boundary,v1_factorized_levels,5,0.9719237663916979,0.0014602870560366872,0.9160874965083378,0.0035920719901202124,61592658.12657755,59.270013405797364,256.63819702798355,0.00019608967324780837,0.9046883077945572,0.00770586248362148,0.8206106864589691,0.012871938751126874,526.0316599720923,284.1179869707996,0.006170964602430167,0.0006801741241559257
loco_62p0_1p0,62.0,1.0,boundary,v2_joint_embedding,5,0.9600243968329807,0.0031651201924283467,0.8942770877118333,0.006759204688835062,61592624.62988179,18.122182780224534,256.63871909703596,0.0002943864422823562,0.8334742061480294,0.018226029514016567,0.6904557436067448,0.03615159073517258,395.1038797881028,113.91216912017926,0.00940261277950425,0.0013585514389466975
loco_6p2_0p1,6.2,0.1,interior,v0_raw_channels,5,0.9742498816154852,0.0021997465624463155,0.9107099711664365,0.006392242984284922,61592673.0128361,44.08215509362663,256.6382394739453,7.817610079010592e-05,0.921790365691798,0.012346838114049739,0.7720692099764471,0.0376298367152371,67586.12797556068,175.97312467077012,0.2842679867838281,0.0003797809437484816
loco_6p2_0p1,6.2,0.1,interior,v1_factorized_levels,5,0.9829045121029797,0.001737383245820155,0.932670627008308,0.004879817056279354,61592664.57176903,70.32212163845432,256.6377700305496,0.00010990780589375294,0.9690071649187537,0.007666053640492253,0.8832064672840122,0.018454287014197622,67531.47364651543,270.2169245456761,0.28303049335568736,0.0007141397965571288
loco_6p2_0p1,6.2,0.1,interior,v2_joint_embedding,5,0.9775319139396812,0.007391240432656468,0.91864784780059,0.01871897599766014,61592612.34552978,36.78424853182681,256.63779147905205,0.0001850913012488472,0.9366110469249065,0.04364812792653479,0.7982559795763349,0.10893829091975564,67259.53658029491,80.92914577637283,0.2833074694438436,0.0010430341875092809
