family,regime,n,global_ssim_mean,plume_ssim_mean,mass_err_mean,physics_l1_mean,global_ssim_std,plume_ssim_std,mass_err_std,physics_l1_std
MS-TMO-UNet,K-only,10,0.8745582225571801,0.7392645571993034,1817.6285264554192,0.010270549903535507,0.005395855995287601,0.006579268696647798,123.83723399474435,0.0002832408177394067
MS-TMO-UNet,TC,10,0.9738141815947876,0.9292370147208724,1242.2506940919316,0.006628991105096408,0.0013809621779074359,0.0025250977189021796,18.56372948185621,0.00011192469456188124
CNN/U-Net,K-only,10,0.8995996254897431,0.7278308276214217,1803.5270062734267,0.010955973929286461,0.0026182445374026563,0.008577420229923013,141.20846977429375,0.0004669747271331457
CNN/U-Net,TC,10,0.9675099548006747,0.8854504121615495,1413.0137430874095,0.007608688278258299,0.000928723427034093,0.005840736200419386,103.6922910661764,0.0004456132770394059
TMO-UNet+TL,K-only,10,0.846325332098228,0.7328241999486454,1713.5397499908,0.01018579433643985,0.007220815182063286,0.0065531843316461525,134.6086329595466,0.00027156260965448357
TMO-UNet+TL,TC,10,0.949251238098355,0.8967425357046523,1320.6918138257645,0.007175447161558515,0.0013774378807949884,0.003810300984416368,45.423457559465604,0.00015468127102210219
Pix2Pix,K-only,10,0.8481286522553149,0.7295166024161401,1418.4866975440082,0.009277902138490326,0.007671070768711424,0.005866481465089695,172.1863617054657,0.00032774932938196415
Pix2Pix,TC,10,0.967999158286377,0.9182993345372092,1162.7690693934273,0.006568228790437313,0.0011282042669532905,0.0015318818193606374,13.805042415075114,8.896938642697048e-05
FNO,K-only,10,0.6480135949229624,0.7137569218420733,1844.5476461885341,0.010439425533513628,0.012523862488605115,0.0029605398527011648,117.95680434055554,0.00030727086319675133
FNO,TC,10,0.6607864231357055,0.8225039215634932,1658.1579865375743,0.008842519224709439,0.010446769214310453,0.003342989470389272,51.3839977262881,7.32821482774404e-05
DeepONet,K-only,10,0.6837709271144566,0.5246898585321835,3997.306914264634,0.020580127353559467,0.011799090540815,0.0028149161106372613,228.2391559422536,0.000288541359487681
DeepONet,TC,10,0.6369154295273725,0.5453895053726967,3964.2904978040806,0.02042925552735961,0.0032897868151329905,0.0017930932887730523,94.32243158469471,0.00012248328685199398
Time-Cond. U-Net,K-only,10,0.5876667110610155,0.42106718326360376,5570.928556418296,0.034640221715894155,0.05238473553792258,0.02507607501011643,1701.289726664458,0.0130371572386445
Time-Cond. U-Net,TC,10,0.5764604752302371,0.47393732576051595,2270.2366600134455,0.035050816062750186,0.019296921389736776,0.013817599283815174,376.15043001487857,0.004123108699459979
CTA-UNet+FFL,K-only,10,0.9039345936990982,0.7651250234855846,1791.8118327673521,0.01217082065189865,0.0027149956462255748,0.0036654594790643796,386.70650883263994,0.0015350402534276975
CTA-UNet+FFL,TC,10,0.9663578730958613,0.9323608857761218,1297.401490149463,0.0068704153144539095,0.006581752409886485,0.005015324460356575,42.5096302765191,0.00022581367550228876
