"family","source","seed","n_pairs","n_both_empty","n_false_alarm","n_miss","iou_mean","dice_mean","fp_area_frac_mean","fn_area_frac_mean","pred_area_frac_mean","gt_area_frac_mean","abs_plume_area_rel_err_mean","centroid_err_mean_px","plume_miss_rate","mass_signed_mean","mass_abs_mean"
"CTA-UNet+FFL TC","canonical","0","4250","0","0","0","0.9498054711977441","0.9739879112956878","0.003995125490196083","0.003427751960784317","0.2221375833333332","0.22157020980392095","0.022079491215597047","2.557469587499752","0.0","-922.3654056979909","1370.2996157666375"
"CTA-UNet+FFL TC","canonical","1","4250","0","0","0","0.9483040995098576","0.9731241704747882","0.003961885294117651","0.0032180686274509767","0.22231402647058818","0.22157020980392095","0.026686841967070222","1.997645960618272","0.0","-1044.743790556515","1260.512890000736"
"CTA-UNet+FFL TC","canonical","2","4250","0","0","0","0.9496753191409177","0.9738823705744093","0.004450549019607832","0.00272723039215686","0.22329352843137262","0.22157020980392095","0.02584529288539179","1.8969871677102597","0.0","-1000.6252753982544","1249.1350561599731"
"CTA-UNet+FFL TC","canonical","3","4250","0","0","0","0.9496991041988418","0.9739407742059989","0.0041785078431372585","0.0031904901960784333","0.22255822745097956","0.22157020980392095","0.021100833059939567","2.0766130113430474","0.0","-1101.5300536615707","1275.3793695867203"
"CTA-UNet+FFL TC","canonical","4","4250","0","0","0","0.9472731586822597","0.9726268037443725","0.004942390196078423","0.002827776470588228","0.2236848235294121","0.22157020980392095","0.02552618186484273","2.2999153217200576","0.0","-947.4646244924209","1248.1973564834595"
"CTA-UNet+FFL TC","canonical","5","4250","0","0","0","0.9422522346616379","0.9697977507937612","0.005402922549019617","0.003070796078431372","0.22390233627450987","0.22157020980392095","0.030108816650471996","2.3600501467075934","0.0","-982.5028707845352","1328.538394588246"
"CTA-UNet+FFL TC","canonical","6","4250","0","0","0","0.9470461470402892","0.9724769198554402","0.004720131372549031","0.003046313725490192","0.2232440274509801","0.22157020980392095","0.02544141415577071","2.318679010035103","0.0","-1049.7500331156114","1312.4202847743315"
"CTA-UNet+FFL TC","canonical","7","4250","0","0","0","0.9479995466857825","0.972999894958964","0.005229276470588238","0.0025817392156862644","0.22421774705882366","0.22157020980392095","0.024793486564808415","1.8281537472417397","0.0","-1091.8039909102497","1275.3714913392907"
"CTA-UNet+FFL TC","canonical","8","4250","0","0","0","0.9493528114511202","0.9737551234889066","0.004605381372549011","0.002945854901960787","0.22322973627451007","0.22157020980392095","0.02271446107896603","2.1305064387211488","0.0","-1098.4465094487807","1305.7369286831126"
"CTA-UNet+FFL TC","canonical","9","4250","0","0","0","0.9495502224420033","0.9738497857071214","0.004163958823529416","0.003183552941176482","0.22255061568627516","0.22157020980392095","0.023042432143612915","2.2605022263409587","0.0","-977.573714803359","1348.4226874165254"
"CTA-UNet+FFL K-only","canonical","1","4250","0","0","0","0.5599428920196396","0.7057222054837283","0.07943898921568664","0.04778363039215667","0.25322556862745144","0.22157020980392095","0.7237766781298606","5.582412821369649","0.0","-2360.5386684642117","2381.999560938218"
"CTA-UNet+FFL K-only","canonical","2","4250","0","0","0","0.5654387313946694","0.7106749433242032","0.08152225882352933","0.04333943921568628","0.25975302941176487","0.22157020980392095","0.7292633426122138","8.506157403495207","0.0","-1250.4593640042474","2105.829627372742"
"CTA-UNet+FFL K-only","canonical","3","4250","0","0","0","0.5606976287035468","0.7067486460990946","0.0844845019607845","0.04178622450980391","0.2642684872549008","0.22157020980392095","0.7635140811746284","4.718416867669558","0.0","-930.5421458120907","1439.5015384045769"
"CTA-UNet+FFL K-only","canonical","4","4250","0","0","0","0.5630048634662997","0.7075152468758816","0.06893743921568618","0.05513718627450985","0.23537046274509876","0.22157020980392095","0.6799930074193508","4.938189261410397","0.0","-868.6343464301614","1486.8306811254165"
"CTA-UNet+FFL K-only","canonical","5","4250","0","0","0","0.5596774068115451","0.7034843786196068","0.07560861372549033","0.05153623627450969","0.24564258725490098","0.22157020980392095","0.6898627318513179","5.407493028107827","0.0","-1657.3794628681856","1706.694306445851"
"CTA-UNet+FFL K-only","canonical","6","4250","0","0","0","0.579247114657569","0.7203744046762165","0.0798711098039217","0.044414795098039195","0.25702652450980384","0.22157020980392095","0.6534402719412066","7.931321399926574","0.0","425.2542214862599","2410.33454946316"
"CTA-UNet+FFL K-only","canonical","7","4250","0","0","0","0.5781162979729147","0.7193711144757459","0.0766093176470586","0.045450789215686196","0.2527287382352939","0.22157020980392095","0.654552485104207","5.871840775570967","0.0","-522.8652017481187","1622.5419543869916"
"CTA-UNet+FFL K-only","canonical","8","4250","0","0","0","0.5674499125448622","0.711585277715611","0.08609931078431379","0.040761668627450905","0.26690785196078365","0.22157020980392095","0.7261705454912986","4.5837832019113876","0.0","-1058.5420086616068","1375.5159231728946"
"CTA-UNet+FFL K-only","canonical","9","4250","0","0","0","0.562810832838431","0.7096027123838905","0.07424339901960775","0.049473410784313776","0.24634019803921653","0.22157020980392095","0.7102491524525405","6.94497627394377","0.0","-245.64715267585305","1882.9547417997474"
"MS-TMO-UNet TC","canonical","0","4250","0","0","0","0.928726373099231","0.9612517485497867","0.003883939215686267","0.0036412068627451025","0.22181294215686284","0.22157020980392095","0.062038310056154504","2.3307937144371738","0.0","-1008.5028012282428","1252.3946753468233"
"MS-TMO-UNet TC","canonical","1","4250","0","0","0","0.9199147033407407","0.9551034920357857","0.0033834725490196125","0.004100316666666672","0.22085336568627398","0.22157020980392095","0.08372321704556546","1.8288469493091326","0.0","-1035.208441535501","1261.357242130055"
"MS-TMO-UNet TC","canonical","2","4250","0","0","0","0.9211458590697584","0.9560093348270121","0.004302887254901961","0.0034554588235294215","0.22241763823529434","0.22157020980392095","0.07931242463474798","2.185667775451908","0.0","-917.1823247290218","1252.6544265195062"
"MS-TMO-UNet TC","canonical","3","4250","0","0","0","0.9236499095903571","0.9576923808633057","0.0037732137254901984","0.003706927450980397","0.22163649607843114","0.22157020980392095","0.07550963697715414","1.885406126320472","0.0","-1036.2113290378345","1215.8489415471695"
"MS-TMO-UNet TC","canonical","4","4250","0","0","0","0.9236539445232008","0.9579926738779311","0.00453838137254903","0.003362759803921564","0.22274583137254902","0.22157020980392095","0.07217790740593298","1.918333618029212","0.0","-1057.2232332332835","1244.2728252563477"
"MS-TMO-UNet TC","recovered","5","4250","0","0","0","0.9237857664645902","0.9582419062539058","0.004435864705882368","0.0035332156862745204","0.22247285882353043","0.22157020980392095","0.07145052856370937","1.7612314190566098","0.0","-1099.1035992382274","1239.2171543152754"
"MS-TMO-UNet TC","recovered","6","4250","0","0","0","0.9243183044386388","0.9580588702771651","0.004084482352941182","0.0034080362745098087","0.22224665588235276","0.22157020980392095","0.07449985869287551","1.9063172523571967","0.0","-1023.2278207011503","1213.0271292177088"
"MS-TMO-UNet TC","recovered","7","4250","0","0","0","0.9193954069731175","0.9545957833222813","0.004109990196078431","0.003799775490196079","0.22188042450980353","0.22157020980392095","0.08545322564603432","2.0512180241743065","0.0","-1045.8731271698896","1223.9121006160062"
"MS-TMO-UNet TC","recovered","8","4250","0","0","0","0.9358119223855935","0.9656998886088434","0.003668200000000017","0.00352714607843138","0.22171126372549013","0.22157020980392095","0.05053946282826311","1.9536213263574378","0.0","-985.4076111023846","1257.8494980365529"
"MS-TMO-UNet TC","recovered","9","4250","0","0","0","0.9242515764319503","0.9583205345389545","0.00392897156862745","0.003662223529411767","0.22183695784313742","0.22157020980392095","0.07267781857252671","1.9473216308547425","0.0","-983.9152776507209","1265.3879419878792"
"Pix2Pix TC","canonical","0","4250","0","0","0","0.9258620706336991","0.9609911067101682","0.010430775490196085","0.0031888284313725556","0.22881215686274473","0.22157020980392095","0.03521149055261119","1.8326351560197176","0.0","-927.1777171150657","1161.7216688757503"
"Pix2Pix TC","canonical","1","4250","0","0","0","0.929586359740934","0.9630737142109786","0.009898286274509808","0.0030645343137254855","0.22840396176470576","0.22157020980392095","0.03155380690608984","1.5752459482502896","0.0","-913.1402788471895","1147.3526035416546"
"Pix2Pix TC","canonical","2","4250","0","0","0","0.9271120034271473","0.9616956992171427","0.00989473627450983","0.003387549019607837","0.2280773970588235","0.22157020980392095","0.03304518313527654","1.8327392464588543","0.0","-927.5455878942153","1168.667301443661"
"Pix2Pix TC","canonical","3","4250","0","0","0","0.9283539938952488","0.9624186773278584","0.009811841176470552","0.003197101960784321","0.22818494901960762","0.22157020980392095","0.033686291147887244","1.6619256395576736","0.0","-934.3657546597649","1174.6733255161957"
"Pix2Pix TC","canonical","4","4250","0","0","0","0.9279129041303714","0.9622113195606785","0.010318186274509832","0.003129839215686278","0.22875855686274524","0.22157020980392095","0.033275828900253525","1.6904193402202208","0.0","-902.9330827407837","1164.46959364633"
"Pix2Pix TC","canonical","5","4250","0","0","0","0.9321939789580496","0.9645185647433862","0.00891033529411764","0.003266439215686265","0.22721410588235333","0.22157020980392095","0.02827616558057042","1.6365578623265937","0.0","-919.8822175144869","1138.4703482715383"
"Pix2Pix TC","canonical","6","4250","0","0","0","0.9268242849830909","0.9615669969461534","0.010491046078431371","0.003109451960784321","0.22895180392156872","0.22157020980392095","0.034672322041574825","1.745215538781675","0.0","-931.6509497990328","1157.1711926417631"
"Pix2Pix TC","canonical","7","4250","0","0","0","0.927432797080888","0.961914216110726","0.010279874509803933","0.0031180107843137364","0.22873207352941158","0.22157020980392095","0.033530674042494","1.6953525147544939","0.0","-902.8781401237039","1186.2085870859482"
"Pix2Pix TC","canonical","8","4250","0","0","0","0.9306785424967065","0.9637156819881283","0.009597994117647064","0.0032825539215686284","0.22788564999999972","0.22157020980392095","0.030198078550039708","1.7078435291872998","0.0","-893.1375216059965","1172.0847631867352"
"Pix2Pix TC","canonical","9","4250","0","0","0","0.928685639086061","0.9625894179590478","0.010175261764705857","0.003093776470588235","0.22865169509803837","0.22157020980392095","0.03229131563737812","1.7658027891649435","0.0","-934.6380992597692","1156.7886190297743"
"FNO TC","canonical","0","4250","0","0","0","0.8925931860042965","0.9423938315105463","0.016238915686274474","0.005498595098039228","0.23231053039215707","0.22157020980392095","0.0735991428509022","3.5644381606681965","0.0","-1414.7045924067777","1599.8342061350206"
"FNO TC","canonical","1","4250","0","0","0","0.8910078762908061","0.9415806142399858","0.01683083235294114","0.0055405637254901914","0.2328604784313725","0.22157020980392095","0.07577774974912344","3.3956334161288964","0.0","-1543.9771601885627","1655.254025604248"
"FNO TC","canonical","2","4250","0","0","0","0.8899489651543897","0.9408050059985985","0.015782769607843177","0.0059785421568627544","0.23137443725490214","0.22157020980392095","0.0780389247855807","3.1522535132204363","0.0","-1428.5621849392162","1649.3745627217013"
"FNO TC","canonical","3","4250","0","0","0","0.8882356772122543","0.9397923979462102","0.017096106862745087","0.005400746078431384","0.23326557058823572","0.22157020980392095","0.07867327027161389","3.262096304442482","0.0","-1591.750463264914","1724.9029848964915"
"FNO TC","canonical","4","4250","0","0","0","0.8908131211139787","0.9414460947766025","0.017337715686274496","0.005623533333333324","0.23328439215686286","0.22157020980392095","0.07465896402782124","3.2127221235647814","0.0","-1561.0743027922686","1671.497853600446"
"FNO TC","canonical","5","4250","0","0","0","0.8930113886273364","0.9425736651224165","0.01580433725490193","0.005514769607843158","0.2318597774509807","0.22157020980392095","0.07357602480017301","3.527021958422251","0.0","-1706.6705998692232","1767.2506173773372"
"FNO TC","canonical","6","4250","0","0","0","0.8886372592385445","0.9401071597826675","0.0172178254901961","0.00541243039215686","0.23337560490196044","0.22157020980392095","0.078063805436758","3.399883607257027","0.0","-1448.0683990586224","1631.539564404656"
"FNO TC","canonical","7","4250","0","0","0","0.8879575460406447","0.9397689601797176","0.018028425490196013","0.0052053392156862915","0.23439329607843098","0.22157020980392095","0.07541128721056488","3.4718116310300617","0.0","-1460.6823523882697","1628.6093401794433"
"FNO TC","canonical","8","4250","0","0","0","0.8925171005670806","0.9423420359931693","0.016062224509803887","0.005551462745098029","0.23208097156862728","0.22157020980392095","0.07170183247310873","3.424552852111361","0.0","-1500.6825732753978","1620.4634471839456"
"FNO TC","canonical","9","4250","0","0","0","0.8910755312635203","0.941496962186078","0.016441769607843146","0.0054927617647058885","0.23251921764705835","0.22157020980392095","0.07407359536224555","3.334938822464659","0.0","-1471.383089458241","1635.9624131474216"
"CNN/U-Net TC","canonical","0","4250","0","0","0","0.8394697073535214","0.901605032213077","0.010557571568627409","0.009570667647058816","0.22255711372549075","0.22157020980392095","0.24809674867106085","2.8391087273622286","0.0","-974.7343122953528","1335.1239770094928"
"CNN/U-Net TC","canonical","1","4250","0","0","0","0.838237842635462","0.9011863120658369","0.010267281372549035","0.009843909803921573","0.22199358137254907","0.22157020980392095","0.24697046761652966","2.8034203713919985","0.0","-1045.86911692092","1331.8730451310103"
"CNN/U-Net TC","canonical","2","4250","0","0","0","0.8332749148244604","0.8968479250106124","0.010211097058823523","0.009995249019607837","0.22178605784313665","0.22157020980392095","0.269405260954804","3.1839611053880255","0.0","-1031.1769400177002","1403.4759608863383"
"CNN/U-Net TC","canonical","3","4250","0","0","0","0.8469959519159733","0.9075648816730184","0.01045332941176472","0.009279290196078415","0.22274424901960807","0.22157020980392095","0.2222641529891539","3.238265922563208","0.0","-1040.9150469477036","1450.7248753347958"
"CNN/U-Net TC","canonical","4","4250","0","0","0","0.832463314770897","0.8967559461163308","0.010893758823529385","0.009799450980392158","0.22266451764705883","0.22157020980392095","0.2653449087683958","2.729854590084724","0.0","-1096.489165914199","1402.5850669474883"
"CNN/U-Net TC","canonical","5","4250","0","0","0","0.8323313111566876","0.8991294453349005","0.010363790196078441","0.01061862647058822","0.22131537352941125","0.22157020980392095","0.23395908571333668","3.3389547947511815","0.0","-730.0428291006649","1675.1420620718563"
"CNN/U-Net TC","canonical","6","4250","0","0","0","0.8365165509807723","0.8998157368753975","0.010212980392156826","0.00972952352941176","0.2220536666666666","0.22157020980392095","0.2534529454511811","3.0297406059928456","0.0","-989.1471450087604","1461.5686842561609"
"CNN/U-Net TC","canonical","7","4250","0","0","0","0.8454428770506672","0.9061038876845293","0.010390731372549014","0.009272384313725485","0.2226885568627446","0.22157020980392095","0.2281754475133628","2.921272336710967","0.0","-1000.748360951592","1378.0299837615069"
"CNN/U-Net TC","canonical","8","4250","0","0","0","0.8551333358375703","0.9139293365092267","0.008906240196078422","0.009864230392156854","0.22061221960784314","0.22157020980392095","0.1954126409837406","2.3320859536096785","0.0","-1027.8819374147304","1344.580404667574"
"CNN/U-Net TC","canonical","9","4250","0","0","0","0.8367090989215854","0.9003008367224398","0.009770745098039216","0.009702701960784306","0.22163825294117637","0.22157020980392095","0.2460087718613448","3.0659168877836755","0.0","-1077.8953215493596","1345.1904696960448"
