family,threshold,n_seeds,seeds,iou_mean_mean,iou_mean_std,dice_mean_mean,dice_mean_std,fp_area_frac_mean_mean,fp_area_frac_mean_std,fn_area_frac_mean_mean,fn_area_frac_mean_std,abs_plume_area_rel_err_mean_mean,abs_plume_area_rel_err_mean_std,plume_miss_rate_mean,plume_miss_rate_std
CTA-UNet+FFL K-only,1e-09,9,"1,2,3,4,5,6,7,8,9",0.555052387668432,0.008360874168815955,0.7005260337020196,0.006605254706556383,0.0938279018518519,0.006441745013905738,0.047999558278867066,0.005291301194530902,0.7655674029898321,0.04388731040046807,0.0,0.0
CTA-UNet+FFL K-only,1e-08,9,"1,2,3,4,5,6,7,8,9",0.566265075601053,0.007483282364742094,0.7105643255171087,0.005843848569749855,0.07853499335511988,0.005326167401931773,0.04663148671023961,0.0047550517343671155,0.7034246995751805,0.0368721210208777,0.0,0.0
CTA-UNet+FFL K-only,1e-07,9,"1,2,3,4,5,6,7,8,9",0.5778224210996297,0.006812939031804533,0.7206683937949293,0.005436604108398151,0.06449695490196075,0.004265934248094107,0.04424969662309367,0.004101124260936025,0.6478042614134089,0.03166415078286186,0.0,0.0
CTA-UNet+FFL TC,1e-09,10,"0,1,2,3,4,5,6,7,8,9",0.9482249301244229,0.002259952323992531,0.9731199362000558,0.001241791225332154,0.005008442647058825,0.0005656381077512533,0.0032660035294117657,0.0002833585932416319,0.024756519103379455,0.0024853474319406093,0.0,0.0
CTA-UNet+FFL TC,1e-08,10,"0,1,2,3,4,5,6,7,8,9",0.9480958115010454,0.0023012625140022436,0.9730441505099451,0.00127345391231848,0.004565012843137256,0.0005080803445658194,0.0030219574509803915,0.00025490250663223334,0.02473392515864714,0.0026300612859139197,0.0,0.0
CTA-UNet+FFL TC,1e-07,10,"0,1,2,3,4,5,6,7,8,9",0.9478127332571417,0.0022742814744738924,0.9728853124576273,0.0012669877821411934,0.004226263333333335,0.00039854709311019736,0.002691964411764708,0.00019426605266666483,0.024171615119826302,0.0022991428480744983,0.0,0.0
MS-TMO-UNet TC,1e-09,10,"0,1,2,3,4,5,6,7,8,9",0.916646799794357,0.004891619831923147,0.953073173996972,0.0034159888186581023,0.005690218137254896,0.0004108831430808273,0.0032394177450980437,0.00016989041914218804,0.08927912026373927,0.011394352077021944,0.0,0.0
MS-TMO-UNet TC,1e-08,10,"0,1,2,3,4,5,6,7,8,9",0.9244653766317178,0.00478638378136228,0.9582966613154971,0.0032177058978628526,0.004010940294117651,0.0003574222432919969,0.003619706666666671,0.00021785308809224663,0.07273823904229641,0.010250173216628137,0.0,0.0
MS-TMO-UNet TC,1e-07,10,"0,1,2,3,4,5,6,7,8,9",0.927643039545961,0.0045543773313043755,0.9606590068315016,0.002964173755045391,0.003339152745098045,0.00033727980705269676,0.0034800110784313784,0.00022464183748888074,0.06478068743621264,0.009047204423809458,0.0,0.0
