family,source,seed,threshold,n_pairs,n_iou_pairs,n_both_empty,n_false_alarm,n_miss,iou_mean,dice_mean,fp_area_frac_mean,fn_area_frac_mean,pred_area_frac_mean,gt_area_frac_mean,abs_plume_area_rel_err_mean,plume_miss_rate
CTA-UNet+FFL TC,canonical,0,1e-09,4250,4250,0,0,0,0.9499997106102844,0.9740927400289303,0.0043218343137254945,0.003751705882352938,0.24493557647058847,0.24436544803921553,0.022029479430836576,0.0
CTA-UNet+FFL TC,canonical,0,1e-08,4250,4250,0,0,0,0.9498054711977441,0.9739879112956878,0.003995125490196083,0.003427751960784317,0.2221375833333332,0.22157020980392095,0.022079491215597047,0.0
CTA-UNet+FFL TC,canonical,0,1e-07,4250,4250,0,0,0,0.9491762180529215,0.9736496714996293,0.003833412745098029,0.002951921568627457,0.19871722058823588,0.19783572941176475,0.02215569894927335,0.0
CTA-UNet+FFL TC,canonical,1,1e-09,4250,4250,0,0,0,0.9487757149335394,0.9733914531668203,0.004301034313725508,0.003503097058823529,0.2451633852941179,0.24436544803921553,0.026003128970524817,0.0
CTA-UNet+FFL TC,canonical,1,1e-08,4250,4250,0,0,0,0.9483040995098576,0.9731241704747882,0.003961885294117651,0.0032180686274509767,0.22231402647058818,0.22157020980392095,0.026686841967070222,0.0
CTA-UNet+FFL TC,canonical,1,1e-07,4250,4250,0,0,0,0.9486289182918769,0.9732924876796816,0.003673401960784329,0.0028450980392156866,0.19866403333333316,0.19783572941176475,0.025347816366696564,0.0
CTA-UNet+FFL TC,canonical,2,1e-09,4250,4250,0,0,0,0.9502698542528311,0.9742120603889116,0.0048796627450980205,0.0029551568627451,0.24628995392156883,0.24436544803921553,0.024829992663336464,0.0
CTA-UNet+FFL TC,canonical,2,1e-08,4250,4250,0,0,0,0.9496753191409177,0.9738823705744093,0.004450549019607832,0.00272723039215686,0.22329352843137262,0.22157020980392095,0.02584529288539179,0.0
CTA-UNet+FFL TC,canonical,2,1e-07,4250,4250,0,0,0,0.9493833215389732,0.9737221653442507,0.004165668627450983,0.002393376470588235,0.1996080215686279,0.19783572941176475,0.025445043957810026,0.0
CTA-UNet+FFL TC,canonical,3,1e-09,4250,4250,0,0,0,0.9495782638211374,0.9738733918092864,0.00462244705882352,0.0034578872549019626,0.24553000784313772,0.24436544803921553,0.02157285560052572,0.0
CTA-UNet+FFL TC,canonical,3,1e-08,4250,4250,0,0,0,0.9496991041988418,0.9739407742059989,0.0041785078431372585,0.0031904901960784333,0.22255822745097956,0.22157020980392095,0.021100833059939567,0.0
CTA-UNet+FFL TC,canonical,3,1e-07,4250,4250,0,0,0,0.9490393231792436,0.9735895628710545,0.003933560784313721,0.0028274960784313826,0.19894179411764681,0.19783572941176475,0.021285893642851276,0.0
CTA-UNet+FFL TC,canonical,4,1e-09,4250,4250,0,0,0,0.9472307528950554,0.9726071127054358,0.005505047058823538,0.003014258823529413,0.2468562362745099,0.24436544803921553,0.02569575667025336,0.0
CTA-UNet+FFL TC,canonical,4,1e-08,4250,4250,0,0,0,0.9472731586822597,0.9726268037443725,0.004942390196078423,0.002827776470588228,0.2236848235294121,0.22157020980392095,0.02552618186484273,0.0
CTA-UNet+FFL TC,canonical,4,1e-07,4250,4250,0,0,0,0.9476965655220275,0.9728484476189412,0.004480578431372558,0.002543450980392161,0.19977285686274548,0.19783572941176475,0.02359607205578097,0.0
CTA-UNet+FFL TC,canonical,5,1e-09,4250,4250,0,0,0,0.9425753487467758,0.9699978993981486,0.005919171568627461,0.003301415686274513,0.24698320392156903,0.24436544803921553,0.0302180318743407,0.0
CTA-UNet+FFL TC,canonical,5,1e-08,4250,4250,0,0,0,0.9422522346616379,0.9697977507937612,0.005402922549019617,0.003070796078431372,0.22390233627450987,0.22157020980392095,0.030108816650471996,0.0
CTA-UNet+FFL TC,canonical,5,1e-07,4250,4250,0,0,0,0.9417929972017414,0.9695216223188421,0.004911409803921572,0.002793731372549016,0.19995340784313756,0.19783572941176475,0.029314246573800013,0.0
CTA-UNet+FFL TC,canonical,6,1e-09,4250,4250,0,0,0,0.9473968454520612,0.9726748105894989,0.00513287843137255,0.0033050499999999964,0.24619327647058745,0.24436544803921553,0.025088285982084974,0.0
CTA-UNet+FFL TC,canonical,6,1e-08,4250,4250,0,0,0,0.9470461470402892,0.9724769198554402,0.004720131372549031,0.003046313725490192,0.2232440274509801,0.22157020980392095,0.02544141415577071,0.0
CTA-UNet+FFL TC,canonical,6,1e-07,4250,4250,0,0,0,0.9468068284172958,0.9723408757106111,0.004427036274509804,0.00270695490196078,0.19955581078431375,0.19783572941176475,0.025128581758876927,0.0
CTA-UNet+FFL TC,canonical,7,1e-09,4250,4250,0,0,0,0.9476878438408642,0.972838191299452,0.0057304460784313675,0.002801102941176472,0.24729479117647057,0.24436544803921553,0.025663279409170698,0.0
CTA-UNet+FFL TC,canonical,7,1e-08,4250,4250,0,0,0,0.9479995466857825,0.972999894958964,0.005229276470588238,0.0025817392156862644,0.22421774705882366,0.22157020980392095,0.024793486564808415,0.0
CTA-UNet+FFL TC,canonical,7,1e-07,4250,4250,0,0,0,0.9476880628703813,0.9728210593409965,0.004713495098039216,0.0023727715686274564,0.2001764529411769,0.19783572941176475,0.02409222650339248,0.0
CTA-UNet+FFL TC,canonical,8,1e-09,4250,4250,0,0,0,0.9493010590967531,0.9737283294950813,0.0050227166666666784,0.0032013901960784305,0.2461867745098043,0.24436544803921553,0.02293983432261406,0.0
CTA-UNet+FFL TC,canonical,8,1e-08,4250,4250,0,0,0,0.9493528114511202,0.9737551234889066,0.004605381372549011,0.002945854901960787,0.22322973627451007,0.22157020980392095,0.02271446107896603,0.0
CTA-UNet+FFL TC,canonical,8,1e-07,4250,4250,0,0,0,0.948678821777228,0.9733851419575472,0.00414711078431373,0.0027151352941176465,0.19926770490196127,0.19783572941176475,0.02266678839391458,0.0
CTA-UNet+FFL TC,canonical,9,1e-09,4250,4250,0,0,0,0.9494339075949288,0.9737833731189934,0.004649188235294117,0.0033689705882353005,0.24564566568627452,0.24436544803921553,0.023524546110107198,0.0
CTA-UNet+FFL TC,canonical,9,1e-08,4250,4250,0,0,0,0.9495502224420033,0.9738497857071214,0.004163958823529416,0.003183552941176482,0.22255061568627516,0.22157020980392095,0.023042432143612915,0.0
CTA-UNet+FFL TC,canonical,9,1e-07,4250,4250,0,0,0,0.9492362757197278,0.9736820902347191,0.003976958823529413,0.00276970784313726,0.1990429803921572,0.19783572941176475,0.02268378299586684,0.0
MS-TMO-UNet TC,canonical,0,1e-09,4250,4250,0,0,0,0.9201435262093662,0.9555937145330963,0.005530074509803898,0.0032367862745098027,0.24665873627451038,0.24436544803921553,0.07972132196392213,0.0
MS-TMO-UNet TC,canonical,0,1e-08,4250,4250,0,0,0,0.928726373099231,0.9612517485497867,0.003883939215686267,0.0036412068627451025,0.22181294215686284,0.22157020980392095,0.062038310056154504,0.0
MS-TMO-UNet TC,canonical,0,1e-07,4250,4250,0,0,0,0.9318782591389566,0.963591613273283,0.003324247058823527,0.003545279411764717,0.19761469705882387,0.19783572941176475,0.05516490899054342,0.0
MS-TMO-UNet TC,canonical,1,1e-09,4250,4250,0,0,0,0.911875822234961,0.9495958336132073,0.005139493137254895,0.003619410784313735,0.2458855303921572,0.24436544803921553,0.10201059803690946,0.0
MS-TMO-UNet TC,canonical,1,1e-08,4250,4250,0,0,0,0.9199147033407407,0.9551034920357857,0.0033834725490196125,0.004100316666666672,0.22085336568627398,0.22157020980392095,0.08372321704556546,0.0
MS-TMO-UNet TC,canonical,1,1e-07,4250,4250,0,0,0,0.9233133826376033,0.957777734082377,0.0027121431372549116,0.003978289215686281,0.19656958333333407,0.19783572941176475,0.07465833176473467,0.0
MS-TMO-UNet TC,canonical,2,1e-09,4250,4250,0,0,0,0.9126442827540366,0.9502992890532163,0.005925047058823515,0.0031802107843137417,0.24711028431372603,0.24436544803921553,0.09791446220699927,0.0
MS-TMO-UNet TC,canonical,2,1e-08,4250,4250,0,0,0,0.9211458590697584,0.9560093348270121,0.004302887254901961,0.0034554588235294215,0.22241763823529434,0.22157020980392095,0.07931242463474798,0.0
MS-TMO-UNet TC,canonical,2,1e-07,4250,4250,0,0,0,0.9246695112348874,0.9586161629624803,0.0036573078431372595,0.003251755882352947,0.19824128137254854,0.19783572941176475,0.07033387655904284,0.0
MS-TMO-UNet TC,canonical,3,1e-09,4250,4250,0,0,0,0.9154128710649939,0.9521645396713309,0.005290322549019619,0.0033429372549019644,0.24631283333333293,0.24436544803921553,0.09290316166035917,0.0
MS-TMO-UNet TC,canonical,3,1e-08,4250,4250,0,0,0,0.9236499095903571,0.9576923808633057,0.0037732137254901984,0.003706927450980397,0.22163649607843114,0.22157020980392095,0.07550963697715414,0.0
MS-TMO-UNet TC,canonical,3,1e-07,4250,4250,0,0,0,0.9272657452542693,0.9603025501606653,0.00321009019607844,0.003490109803921576,0.19755570980392168,0.19783572941176475,0.06603105064928523,0.0
MS-TMO-UNet TC,canonical,4,1e-09,4250,4250,0,0,0,0.9173370072159871,0.9537442083677311,0.006236405882352929,0.002976057843137257,0.24762579607843085,0.24436544803921553,0.08555909633887877,0.0
MS-TMO-UNet TC,canonical,4,1e-08,4250,4250,0,0,0,0.9236539445232008,0.9579926738779311,0.00453838137254903,0.003362759803921564,0.22274583137254902,0.22157020980392095,0.07217790740593298,0.0
MS-TMO-UNet TC,canonical,4,1e-07,4250,4250,0,0,0,0.9250158259555344,0.959225356398945,0.003874078431372562,0.003273290196078433,0.19843651764705914,0.19783572941176475,0.06687934013768361,0.0
MS-TMO-UNet TC,recovered,5,1e-09,4250,4250,0,0,0,0.9146987267525563,0.9522387038618995,0.00623197549019606,0.0031667362745098028,0.2474306872549022,0.24436544803921553,0.08976730747291833,0.0
MS-TMO-UNet TC,recovered,5,1e-08,4250,4250,0,0,0,0.9237857664645902,0.9582419062539058,0.004435864705882368,0.0035332156862745204,0.22247285882353043,0.22157020980392095,0.07145052856370937,0.0
MS-TMO-UNet TC,recovered,5,1e-07,4250,4250,0,0,0,0.928478831464756,0.9614450825244885,0.003702620588235304,0.0033781303921568665,0.19816021960784372,0.19783572941176475,0.0606840864329336,0.0
MS-TMO-UNet TC,recovered,6,1e-09,4250,4250,0,0,0,0.9169570319228808,0.9530792209668834,0.005938216666666658,0.0031051725490196117,0.24719849215686324,0.24436544803921553,0.09045513050637567,0.0
MS-TMO-UNet TC,recovered,6,1e-08,4250,4250,0,0,0,0.9243183044386388,0.9580588702771651,0.004084482352941182,0.0034080362745098087,0.22224665588235276,0.22157020980392095,0.07449985869287551,0.0
MS-TMO-UNet TC,recovered,6,1e-07,4250,4250,0,0,0,0.9278109410766856,0.9606858144067366,0.003270632352941185,0.0032939323529411844,0.19781242941176452,0.19783572941176475,0.06612792854424202,0.0
MS-TMO-UNet TC,recovered,7,1e-09,4250,4250,0,0,0,0.9123574235666907,0.9496509218641461,0.005842627450980402,0.003323939215686279,0.2468841362745103,0.24436544803921553,0.10219013574127365,0.0
MS-TMO-UNet TC,recovered,7,1e-08,4250,4250,0,0,0,0.9193954069731175,0.9545957833222813,0.004109990196078431,0.003799775490196079,0.22188042450980353,0.22157020980392095,0.08545322564603432,0.0
MS-TMO-UNet TC,recovered,7,1e-07,4250,4250,0,0,0,0.9225478287839628,0.9570994824851206,0.0033804803921568633,0.003650642156862755,0.19756556764705915,0.19783572941176475,0.07673087710326652,0.0
MS-TMO-UNet TC,recovered,8,1e-09,4250,4250,0,0,0,0.9284808872981661,0.9611463401734868,0.005148066666666676,0.0032400372549019644,0.24627347745098005,0.24436544803921553,0.06389477019791502,0.0
MS-TMO-UNet TC,recovered,8,1e-08,4250,4250,0,0,0,0.9358119223855935,0.9656998886088434,0.003668200000000017,0.00352714607843138,0.22171126372549013,0.22157020980392095,0.05053946282826311,0.0
MS-TMO-UNet TC,recovered,8,1e-07,4250,4250,0,0,0,0.9380056799274702,0.9671805482849497,0.0031158480392156906,0.0033421578431372563,0.19760941960784287,0.19783572941176475,0.046116901808629276,0.0
MS-TMO-UNet TC,recovered,9,1e-09,4250,4250,0,0,0,0.91656041892393,0.9532189678647224,0.005619951960784308,0.003202889215686279,0.24678251078431382,0.24436544803921553,0.08837521851184123,0.0
MS-TMO-UNet TC,recovered,9,1e-08,4250,4250,0,0,0,0.9242515764319503,0.9583205345389545,0.00392897156862745,0.003662223529411767,0.22183695784313742,0.22157020980392095,0.07267781857252671,0.0
MS-TMO-UNet TC,recovered,9,1e-07,4250,4250,0,0,0,0.9274443899854837,0.9606657237359715,0.003144079411764711,0.0035965235294117682,0.19738328529411814,0.19783572941176475,0.06507957237176515,0.0
CTA-UNet+FFL K-only,canonical,1,1e-09,4250,4250,0,0,0,0.5474840148117492,0.6944994857348711,0.09505348333333326,0.048870226470588175,0.29054870490196066,0.24436544803921553,0.7969762125692513,0.0
CTA-UNet+FFL K-only,canonical,1,1e-08,4250,4250,0,0,0,0.5599428920196396,0.7057222054837283,0.07943898921568664,0.04778363039215667,0.25322556862745144,0.22157020980392095,0.7237766781298606,0.0
CTA-UNet+FFL K-only,canonical,1,1e-07,4250,4250,0,0,0,0.5725281815418053,0.7166576771839948,0.06537477549019609,0.04548860196078423,0.21772190294117671,0.19783572941176475,0.6606310635524607,0.0
CTA-UNet+FFL K-only,canonical,2,1e-09,4250,4250,0,0,0,0.553996254749205,0.6999084185700435,0.09903234901960811,0.043619721568627416,0.299778075490197,0.24436544803921553,0.7972946744928295,0.0
CTA-UNet+FFL K-only,canonical,2,1e-08,4250,4250,0,0,0,0.5654387313946694,0.7106749433242032,0.08152225882352933,0.04333943921568628,0.25975302941176487,0.22157020980392095,0.7292633426122138,0.0
CTA-UNet+FFL K-only,canonical,2,1e-07,4250,4250,0,0,0,0.5774562699813541,0.7215826091224077,0.06544323823529419,0.042018155882352935,0.22126081176470547,0.19783572941176475,0.6674462964881666,0.0
CTA-UNet+FFL K-only,canonical,3,1e-09,4250,4250,0,0,0,0.5502040509511985,0.6967117514641811,0.10033032941176465,0.042899992156862736,0.30179578529411855,0.24436544803921553,0.8254223876890836,0.0
CTA-UNet+FFL K-only,canonical,3,1e-08,4250,4250,0,0,0,0.5606976287035468,0.7067486460990946,0.0844845019607845,0.04178622450980391,0.2642684872549008,0.22157020980392095,0.7635140811746284,0.0
CTA-UNet+FFL K-only,canonical,3,1e-07,4250,4250,0,0,0,0.5721841045162921,0.7173910022307731,0.06929066176470565,0.040081627450980484,0.22704476372548993,0.19783572941176475,0.7038149791597065,0.0
CTA-UNet+FFL K-only,canonical,4,1e-09,4250,4250,0,0,0,0.5537742284502833,0.6993565386504467,0.08165204019607829,0.05802940294117645,0.26798808529411783,0.24436544803921553,0.7273682594684007,0.0
CTA-UNet+FFL K-only,canonical,4,1e-08,4250,4250,0,0,0,0.5630048634662997,0.7075152468758816,0.06893743921568618,0.05513718627450985,0.23537046274509876,0.22157020980392095,0.6799930074193508,0.0
CTA-UNet+FFL K-only,canonical,4,1e-07,4250,4250,0,0,0,0.5738764391772558,0.7168272025907243,0.0568142470588235,0.05148067549019606,0.20316930098039232,0.19783572941176475,0.6299937494630404,0.0
CTA-UNet+FFL K-only,canonical,5,1e-09,4250,4250,0,0,0,0.5463151377678748,0.6925436364783198,0.09125902647058823,0.053076352941176436,0.28254812156862763,0.24436544803921553,0.7628558907087424,0.0
CTA-UNet+FFL K-only,canonical,5,1e-08,4250,4250,0,0,0,0.5596774068115451,0.7034843786196068,0.07560861372549033,0.05153623627450969,0.24564258725490098,0.22157020980392095,0.6898627318513179,0.0
CTA-UNet+FFL K-only,canonical,5,1e-07,4250,4250,0,0,0,0.5718905413815214,0.7132650817387981,0.062268709803921594,0.04839147352941187,0.21171296568627454,0.19783572941176475,0.6319862412828268,0.0
CTA-UNet+FFL K-only,canonical,6,1e-09,4250,4250,0,0,0,0.5683080381302749,0.7107895227673673,0.0957251676470589,0.045436137254902025,0.29465447843137205,0.24436544803921553,0.7085863756696306,0.0
CTA-UNet+FFL K-only,canonical,6,1e-08,4250,4250,0,0,0,0.579247114657569,0.7203744046762165,0.0798711098039217,0.044414795098039195,0.25702652450980384,0.22157020980392095,0.6534402719412066,0.0
CTA-UNet+FFL K-only,canonical,6,1e-07,4250,4250,0,0,0,0.5900732548241233,0.7298513668651931,0.06511302549019601,0.042613738235294144,0.22033501666666638,0.19783572941176475,0.6047144831574147,0.0
CTA-UNet+FFL K-only,canonical,7,1e-09,4250,4250,0,0,0,0.5690927149305066,0.7115093014647631,0.08936970196078457,0.04779656176470578,0.2859385882352926,0.24436544803921553,0.7001895423977613,0.0
CTA-UNet+FFL K-only,canonical,7,1e-08,4250,4250,0,0,0,0.5781162979729147,0.7193711144757459,0.0766093176470586,0.045450789215686196,0.2527287382352939,0.22157020980392095,0.654552485104207,0.0
CTA-UNet+FFL K-only,canonical,7,1e-07,4250,4250,0,0,0,0.5879714679910564,0.7279530499742219,0.06425668431372554,0.04246914215686271,0.21962327156862763,0.19783572941176475,0.6098411696545131,0.0
CTA-UNet+FFL K-only,canonical,8,1e-09,4250,4250,0,0,0,0.5562522326280607,0.7013493087096423,0.1020647303921568,0.04176973529411762,0.3046604431372541,0.24436544803921553,0.78984239805049,0.0
CTA-UNet+FFL K-only,canonical,8,1e-08,4250,4250,0,0,0,0.5674499125448622,0.711585277715611,0.08609931078431379,0.040761668627450905,0.26690785196078365,0.22157020980392095,0.7261705454912986,0.0
CTA-UNet+FFL K-only,canonical,8,1e-07,4250,4250,0,0,0,0.5790523891349739,0.7220090417143458,0.07106728529411759,0.03888514803921563,0.2300178666666668,0.19783572941176475,0.6688043254869794,0.0
CTA-UNet+FFL K-only,canonical,9,1e-09,4250,4250,0,0,0,0.550044816596736,0.6980663394785414,0.08996428823529425,0.05049789411764698,0.2838318421568619,0.24436544803921553,0.7815708858622984,0.0
CTA-UNet+FFL K-only,canonical,9,1e-08,4250,4250,0,0,0,0.562810832838431,0.7096027123838905,0.07424339901960775,0.049473410784313776,0.24634019803921653,0.22157020980392095,0.7102491524525405,0.0
CTA-UNet+FFL K-only,canonical,9,1e-07,4250,4250,0,0,0,0.5753691413482853,0.7204785127339043,0.060843966666666464,0.046818706862745044,0.21186098921568616,0.19783572941176475,0.6530060444755715,0.0
