pool,cell_id,realization,max_abs_r_master,qa_rows_with_correlation
T,0,1,0.0284367334097623,6
T,0,2,0.0309658907353878,6
T,0,3,0.0185555424541234,6
T,0,4,0.0290591418743133,6
T,0,5,0.0341035239398479,6
T,1,1,0.0254529062658548,6
T,1,2,0.0389363430440425,6
T,1,3,0.032344464212656,6
T,1,4,0.0509918630123138,6
T,1,5,0.0378892049193382,6
T,2,1,0.0199631322175264,6
T,2,2,0.0281873736530542,6
T,2,3,0.0560625977814197,6
T,2,4,0.0258877482265234,6
T,2,5,0.0335804857313632,6
T,3,1,0.054555457085371,6
T,3,2,0.0492219105362892,6
T,3,3,0.0574215799570083,6
T,3,4,0.0810475051403045,6
T,3,5,0.0610263645648956,6
T,4,1,0.0545559152960777,6
T,4,2,0.0492226369678974,6
T,4,3,0.057423610240221,6
T,4,4,0.0810470655560493,6
T,4,5,0.0610283948481082,6
T,5,1,0.0545559972524642,6
T,5,2,0.0492223612964153,6
T,5,3,0.0574229583144187,6
T,5,4,0.0810474380850792,6
T,5,5,0.0610278360545635,6
T,6,1,0.0494012907147407,6
T,6,2,0.0462739467620849,6
T,6,3,0.0664436370134353,6
T,6,4,0.0659301280975341,6
T,6,5,0.0467444248497486,6
T,7,1,0.0703318119049072,6
T,7,2,0.0693043395876884,6
T,7,3,0.0899464190006256,6
T,7,4,0.0390913672745227,6
T,7,5,0.0511732436716556,6
T,8,1,0.0705859512090683,6
T,8,2,0.0497253648936748,6
T,8,3,0.0815825089812278,6
T,8,4,0.0524060279130935,6
T,8,5,0.0747323036193847,6
T,9,1,0.0727331191301345,6
T,9,2,0.0771620273590087,6
T,9,3,0.0522528365254402,6
T,9,4,0.0854565799236297,6
T,9,5,0.0544961467385292,6
T,10,1,0.0727340057492256,6
T,10,2,0.0771617516875267,6
T,10,3,0.0522525869309902,6
T,10,4,0.0854584351181984,6
T,10,5,0.0544963255524635,6
T,11,1,0.0760845765471458,6
T,11,2,0.0873706191778183,6
T,11,3,0.0374754145741462,6
T,11,4,0.0756630599498748,6
T,11,5,0.0890584364533424,6
T,12,1,0.0833070427179336,6
T,12,2,0.0784634128212928,6
T,12,3,0.1011368557810783,6
T,12,4,0.0869006812572479,6
T,12,5,0.0720869004726409,6
T,13,1,0.0638090968132019,6
T,13,2,0.0939889177680015,6
T,13,3,0.06388920545578,6
T,13,4,0.1125939488410949,6
T,13,5,0.0527975484728813,6
T,14,1,0.0729315802454948,6
T,14,2,0.1406646817922592,6
T,14,3,0.0876958072185516,6
T,14,4,0.0987808555364608,6
T,14,5,0.0966484174132347,6
T,15,1,0.0813308879733085,6
T,15,2,0.0890139415860176,6
T,15,3,0.0730771496891975,6
T,15,4,0.1019623428583145,6
T,15,5,0.0573325343430042,6
T,16,1,0.0680692642927169,6
T,16,2,0.1161190122365951,6
T,16,3,0.0986006930470466,6
T,16,4,0.0691006332635879,6
T,16,5,0.0962550044059753,6
T,17,1,0.0803538337349891,6
T,17,2,0.0766418203711509,6
T,17,3,0.1057131439447403,6
T,17,4,0.0914567783474922,6
T,17,5,0.0742304176092147,6
T,18,1,0.1327867209911346,6
T,18,2,0.1383071094751358,6
T,18,3,0.1289180368185043,6
T,18,4,0.1590993404388427,6
T,18,5,0.0938597917556762,6
T,19,1,0.1327848434448242,6
T,19,2,0.1383067965507507,6
T,19,3,0.1289186924695968,6
T,19,4,0.1590979844331741,6
T,19,5,0.0938590764999389,6
T,20,1,0.0862132385373115,6
T,20,2,0.139149323105812,6
T,20,3,0.1160951927304267,6
T,20,4,0.0885692536830902,6
T,20,5,0.086804412305355,6
T,21,1,0.1698035150766372,6
T,21,2,0.1987958252429962,6
T,21,3,0.1360085308551788,6
T,21,4,0.1510902792215347,6
T,21,5,0.1287856251001358,6
T,22,1,0.1197233200073242,6
T,22,2,0.1267620027065277,6
T,22,3,0.1517250090837478,6
T,22,4,0.1494465917348861,6
T,22,5,0.1007580608129501,6
T,23,1,0.1197227835655212,6
T,23,2,0.1267623305320739,6
T,23,3,0.1517251431941986,6
T,23,4,0.1494462043046951,6
T,23,5,0.1007580757141113,6
T,24,1,0.1207654327154159,6
T,24,2,0.144066572189331,6
T,24,3,0.2034443169832229,6
T,24,4,0.1024026274681091,6
T,24,5,0.1293527334928512,6
T,25,1,0.1088882461190223,6
T,25,2,0.1296120733022689,6
T,25,3,0.1084403395652771,6
T,25,4,0.1112622767686843,6
T,25,5,0.096163772046566,6
T,26,1,0.0812852978706359,6
T,26,2,0.0978640392422676,6
T,26,3,0.0945998355746269,6
T,26,4,0.127370536327362,6
T,26,5,0.1815283745527267,6
T2,0,1,0.0284367334097623,6
T2,0,2,0.0309658907353878,6
T2,0,3,0.0185555424541234,6
T2,0,4,0.0290591418743133,6
T2,0,5,0.0341035239398479,6
T2,1,1,0.0254529062658548,6
T2,1,2,0.0389363430440425,6
T2,1,3,0.032344464212656,6
T2,1,4,0.0509918630123138,6
T2,1,5,0.0378892049193382,6
T2,2,1,0.0199631322175264,6
T2,2,2,0.0281873736530542,6
T2,2,3,0.0560625977814197,6
T2,2,4,0.0258877482265234,6
T2,2,5,0.0335804857313632,6
T2,3,1,0.0559690259397029,6
T2,3,2,0.0559262558817863,6
T2,3,3,0.0537900924682617,6
T2,3,4,0.0506004393100738,6
T2,3,5,0.0746024176478385,6
T2,4,1,0.0617345608770847,6
T2,4,2,0.0380955561995506,6
T2,4,3,0.0648580566048622,6
T2,4,4,0.0349393747746944,6
T2,4,5,0.0498183444142341,6
T2,5,1,0.0479536913335323,6
T2,5,2,0.0311075169593095,6
T2,5,3,0.0619797147810459,6
T2,5,4,0.0493306182324886,6
T2,5,5,0.0624764561653137,6
T2,6,1,0.0494012907147407,6
T2,6,2,0.0462739467620849,6
T2,6,3,0.0664436370134353,6
T2,6,4,0.0659301280975341,6
T2,6,5,0.0467444248497486,6
T2,7,1,0.0703318119049072,6
T2,7,2,0.0693043395876884,6
T2,7,3,0.0899464190006256,6
T2,7,4,0.0390913672745227,6
T2,7,5,0.0511732436716556,6
T2,8,1,0.0705859512090683,6
T2,8,2,0.0497253648936748,6
T2,8,3,0.0815825089812278,6
T2,8,4,0.0524060279130935,6
T2,8,5,0.0747323036193847,6
T2,9,1,0.0669555068016052,6
T2,9,2,0.104470357298851,6
T2,9,3,0.0764053612947464,6
T2,9,4,0.0876311138272285,6
T2,9,5,0.0613334998488426,6
T2,10,1,0.044094480574131,6
T2,10,2,0.0378467738628387,6
T2,10,3,0.065261460840702,6
T2,10,4,0.1660201847553253,6
T2,10,5,0.039967406541109,6
T2,11,1,0.0760845765471458,6
T2,11,2,0.0873706191778183,6
T2,11,3,0.0374754145741462,6
T2,11,4,0.0756630599498748,6
T2,11,5,0.0890584364533424,6
T2,12,1,0.0681807771325111,6
T2,12,2,0.0958129838109016,6
T2,12,3,0.0667198076844215,6
T2,12,4,0.0731888189911842,6
T2,12,5,0.0912484899163246,6
T2,13,1,0.0638090968132019,6
T2,13,2,0.0939889177680015,6
T2,13,3,0.06388920545578,6
T2,13,4,0.1125939488410949,6
T2,13,5,0.0527975484728813,6
T2,14,1,0.0729315802454948,6
T2,14,2,0.1406646817922592,6
T2,14,3,0.0876958072185516,6
T2,14,4,0.0987808555364608,6
T2,14,5,0.0966484174132347,6
T2,15,1,0.0813308879733085,6
T2,15,2,0.0890139415860176,6
T2,15,3,0.0730771496891975,6
T2,15,4,0.1019623428583145,6
T2,15,5,0.0573325343430042,6
T2,16,1,0.0680692642927169,6
T2,16,2,0.1161190122365951,6
T2,16,3,0.0986006930470466,6
T2,16,4,0.0691006332635879,6
T2,16,5,0.0962550044059753,6
T2,17,1,0.0642547607421875,6
T2,17,2,0.0843963399529457,6
T2,17,3,0.0868605598807334,6
T2,17,4,0.1054492518305778,6
T2,17,5,0.0891884192824363,6
T2,18,1,0.1411212533712387,6
T2,18,2,0.1114270687103271,6
T2,18,3,0.0851628705859184,6
T2,18,4,0.1058825775980949,6
T2,18,5,0.2339305281639099,6
T2,19,1,0.1446545571088791,6
T2,19,2,0.1344756186008453,6
T2,19,3,0.143641322851181,6
T2,19,4,0.075403943657875,6
T2,19,5,0.1063163354992866,6
T2,20,1,0.0862132385373115,6
T2,20,2,0.139149323105812,6
T2,20,3,0.1160951927304267,6
T2,20,4,0.0885692536830902,6
T2,20,5,0.086804412305355,6
T2,21,1,0.1698035150766372,6
T2,21,2,0.1987958252429962,6
T2,21,3,0.1360085308551788,6
T2,21,4,0.1510902792215347,6
T2,21,5,0.1287856251001358,6
T2,22,1,0.1786555498838424,6
T2,22,2,0.1901896446943283,6
T2,22,3,0.1989911496639251,6
T2,22,4,0.0804751515388488,6
T2,22,5,0.0944238752126693,6
T2,23,1,0.1496197283267974,6
T2,23,2,0.1726194620132446,6
T2,23,3,0.0788567438721656,6
T2,23,4,0.1206437870860099,6
T2,23,5,0.1048284769058227,6
T2,24,1,0.1207654327154159,6
T2,24,2,0.144066572189331,6
T2,24,3,0.2034443169832229,6
T2,24,4,0.1024026274681091,6
T2,24,5,0.1293527334928512,6
T2,25,1,0.1088882461190223,6
T2,25,2,0.1296120733022689,6
T2,25,3,0.1084403395652771,6
T2,25,4,0.1112622767686843,6
T2,25,5,0.096163772046566,6
T2,26,1,0.0812852978706359,6
T2,26,2,0.0978640392422676,6
T2,26,3,0.0945998355746269,6
T2,26,4,0.1273705512285232,6
T2,26,5,0.1815283745527267,6
