model,well,n_seeds,cases_per_seed,positive_cases,negative_cases,tp_seed_pooled,fp_seed_pooled,tn_seed_pooled,fn_seed_pooled,fnr,fnr_lo,fnr_hi,fpr,fpr_lo,fpr_hi
matched,w1000_+400,10,794,530,264,4313,1376,1264,987,0.18622641509433957,0.11349364634291847,0.22395485105632912,0.5212121212121212,0.4235687844932023,0.7045474251182344
matched,w1000_-400,10,794,440,354,3987,1738,1802,413,0.09386363636363637,0.04733042225874915,0.1483595680101645,0.4909604519774011,0.39040042833011585,0.7005076789599088
matched,w1500_+600,10,794,200,594,1769,2933,3007,231,0.11550000000000005,0.0474576271186441,0.17421934185606058,0.49377104377104375,0.4465113021952967,0.578290327802509
matched,w1500_-600,10,794,184,610,1802,3419,2681,38,0.020652173913043526,0.0,0.05847567482736975,0.5604918032786885,0.5054505566424814,0.6769246575342466
matched,w1900_+0,10,794,603,191,5825,1630,280,205,0.033996683250414605,0.012519021907776377,0.056055494390269446,0.8534031413612566,0.6808254870129871,0.9394513979903888
matched,w500_+400,10,794,489,305,3959,1389,1661,931,0.1903885480572597,0.11730637254901964,0.2326024709214364,0.4554098360655737,0.3597517266015718,0.5373052127463621
matched,w500_-400,10,794,429,365,3822,1781,1869,468,0.10909090909090913,0.06717826460865908,0.17142982897384298,0.4879452054794521,0.406013083179865,0.5854885252944756
k_only,w1000_+400,10,794,530,264,4952,2451,189,348,0.06566037735849062,0.023567742643829603,0.10726647166979224,0.928409090909091,0.8620547547082074,0.988135593220339
k_only,w1000_-400,10,794,440,354,4175,3341,199,225,0.051136363636363646,0.011627702260072082,0.08721352281598178,0.9437853107344633,0.8992599556660363,0.9920936533394432
k_only,w1500_+600,10,794,200,594,1461,4541,1399,539,0.26949999999999996,0.1675193798449612,0.3491120704743013,0.7644781144781145,0.7034651658317703,0.8472660364702375
k_only,w1500_-600,10,794,184,610,1634,5280,820,206,0.1119565217391304,0.05647970085470084,0.16701629178975697,0.8655737704918033,0.8170304982659385,0.9301692217747174
k_only,w1900_+0,10,794,603,191,5960,1763,147,70,0.011608623548922004,0.0034883720930232176,0.02647193328550932,0.9230366492146597,0.846477615694165,0.9736265103056148
k_only,w500_+400,10,794,489,305,4353,2829,221,537,0.10981595092024543,0.06980998934875227,0.16823072350543472,0.9275409836065573,0.8518318299375514,0.9634389410408432
k_only,w500_-400,10,794,429,365,3786,3150,500,504,0.11748251748251748,0.0693018493531233,0.17428917050691237,0.863013698630137,0.7859972392638037,0.9272787397787396
log_setting_mean,w1000_+400,1,794,530,264,385,11,253,145,0.2735849056603774,0.18947368421052635,0.31999999999999995,0.04166666666666663,0.007462686567164201,0.11560693641618502
log_setting_mean,w1000_-400,1,794,440,354,357,39,315,83,0.1886363636363636,0.1279867039544696,0.2834986433524268,0.11016949152542377,0.02563775510204084,0.14326668509861093
log_setting_mean,w1500_+600,1,794,200,594,128,2,592,72,0.36,0.2735849056603774,0.45185185185185184,0.0033670033670033517,0.0,0.017065575683323144
log_setting_mean,w1500_-600,1,794,184,610,127,3,607,57,0.3097826086956522,0.189873417721519,0.46853146853146854,0.004918032786885296,0.0,0.008503763515627667
log_setting_mean,w1900_+0,1,794,603,191,517,145,46,86,0.142620232172471,0.13068156038607495,0.15135135135135136,0.7591623036649214,0.7314780265339966,0.7789473684210526
log_setting_mean,w500_+400,1,794,489,305,380,16,289,109,0.2229038854805726,0.14232173725151254,0.29150654797206516,0.05245901639344264,0.02475094731695394,0.10377487369831938
log_setting_mean,w500_-400,1,794,429,365,365,31,334,64,0.14918414918414924,0.10361445783132528,0.22413793103448276,0.08493150684931505,0.029556650246305383,0.10749646393210754
