true_code,supplied_code,is_correct,global_ssim,plume_ssim,ice_per_timestep,concentration_mae
fixed_alphaL_0p62_ratio_0p1,fixed_alphaL_0p62_ratio_0p1,True,0.9797514366161396,0.897981503210509,369465586.31368345,1539.442618370461
fixed_alphaL_0p62_ratio_0p1,fixed_alphaL_0p62_ratio_1p0,False,0.9689145022114272,0.8736188737341998,369465521.39486164,1539.442265896615
fixed_alphaL_0p62_ratio_0p1,fixed_alphaL_6p2_ratio_0p1,False,0.9613876166633862,0.835904896941484,369465538.5729638,1539.4420387838002
fixed_alphaL_0p62_ratio_0p1,fixed_alphaL_6p2_ratio_1p0,False,0.9094321979887213,0.6926374545762339,369465526.6946345,1539.4436699068335
fixed_alphaL_0p62_ratio_0p1,fixed_alphaL_62p0_ratio_0p1,False,0.8575562241516704,0.5596900061943331,369465595.9387167,1539.4455123898667
fixed_alphaL_0p62_ratio_0p1,fixed_alphaL_62p0_ratio_1p0,False,0.7786869777075084,0.4622100964967508,369465492.4232501,1539.4508708869994
fixed_alphaL_0p62_ratio_1p0,fixed_alphaL_0p62_ratio_0p1,False,0.9774069758510723,0.8992095778793233,375.6846392348717,0.004151308534299586
fixed_alphaL_0p62_ratio_1p0,fixed_alphaL_0p62_ratio_1p0,True,0.9846311973044165,0.9253435361852479,310.2798035428279,0.003531725789857869
fixed_alphaL_0p62_ratio_1p0,fixed_alphaL_6p2_ratio_0p1,False,0.9785793802289594,0.8983724033667868,328.6044293360218,0.0032667173813388226
fixed_alphaL_0p62_ratio_1p0,fixed_alphaL_6p2_ratio_1p0,False,0.9254799777495956,0.7567676908324651,315.7443987863475,0.004674240619300441
fixed_alphaL_0p62_ratio_1p0,fixed_alphaL_62p0_ratio_0p1,False,0.8713776993753808,0.614013826842859,384.47652667657286,0.006575974846648149
fixed_alphaL_0p62_ratio_1p0,fixed_alphaL_62p0_ratio_1p0,False,0.7885009199423111,0.49520169983007195,281.4023618535009,0.01195134683877454
fixed_alphaL_6p2_ratio_0p1,fixed_alphaL_0p62_ratio_0p1,False,0.9695056166296895,0.8500379396359862,67293.74896336465,0.28309715775463495
fixed_alphaL_6p2_ratio_0p1,fixed_alphaL_0p62_ratio_1p0,False,0.9804398536615779,0.8886645528674588,67228.47769983886,0.2824460799599353
fixed_alphaL_6p2_ratio_0p1,fixed_alphaL_6p2_ratio_0p1,True,0.9850332238921902,0.9244980220024933,67246.9589466216,0.2820253507896176
fixed_alphaL_6p2_ratio_0p1,fixed_alphaL_6p2_ratio_1p0,False,0.93292784756584,0.7974861882270331,67234.60900523113,0.283362239669031
fixed_alphaL_6p2_ratio_0p1,fixed_alphaL_62p0_ratio_0p1,False,0.878128289535092,0.6610889065225779,67302.94137140727,0.2850491445876922
fixed_alphaL_6p2_ratio_0p1,fixed_alphaL_62p0_ratio_1p0,False,0.7922915442248737,0.5353857061398286,67200.2425035387,0.2905105629002593
fixed_alphaL_6p2_ratio_1p0,fixed_alphaL_0p62_ratio_0p1,False,0.9176147569248421,0.7155649188858271,21804.788022825585,0.09501511037347195
fixed_alphaL_6p2_ratio_1p0,fixed_alphaL_0p62_ratio_1p0,False,0.933530547785482,0.767164366357138,21739.007897876872,0.09396696565856866
fixed_alphaL_6p2_ratio_1p0,fixed_alphaL_6p2_ratio_0p1,False,0.9422235098249032,0.8189118458692372,21758.204164691255,0.09337057141667617
fixed_alphaL_6p2_ratio_1p0,fixed_alphaL_6p2_ratio_1p0,True,0.9887730920949417,0.9592067043797724,21744.02336290453,0.09197660895938993
fixed_alphaL_6p2_ratio_1p0,fixed_alphaL_62p0_ratio_0p1,False,0.9332405670302,0.8352864184613755,21814.471637525352,0.0938098557060855
fixed_alphaL_6p2_ratio_1p0,fixed_alphaL_62p0_ratio_1p0,False,0.8364458636119089,0.6601835432763176,21709.658754203276,0.09877450560748276
fixed_alphaL_62p0_ratio_0p1,fixed_alphaL_0p62_ratio_0p1,False,0.8646678273762457,0.6409648523682712,389.6788226581443,0.007571623416764536
fixed_alphaL_62p0_ratio_0p1,fixed_alphaL_0p62_ratio_1p0,False,0.878486699039524,0.6678922507686481,324.6405806313874,0.006624974582795902
fixed_alphaL_62p0_ratio_0p1,fixed_alphaL_6p2_ratio_0p1,False,0.887778747296219,0.7039130122160767,342.54326935761526,0.005676652652651558
fixed_alphaL_62p0_ratio_0p1,fixed_alphaL_6p2_ratio_1p0,False,0.9387120717034726,0.808101279220815,330.900272956585,0.0038227988525051894
fixed_alphaL_62p0_ratio_0p1,fixed_alphaL_62p0_ratio_0p1,True,0.985887792696857,0.9546321274009095,398.19884435877316,0.0027541701298132797
fixed_alphaL_62p0_ratio_0p1,fixed_alphaL_62p0_ratio_1p0,False,0.885719559614366,0.8046985093288687,297.0401555941353,0.008180514668055265
fixed_alphaL_62p0_ratio_1p0,fixed_alphaL_0p62_ratio_0p1,False,0.7879227133179855,0.6074104594603171,377.2519147259943,0.012637755940925704
fixed_alphaL_62p0_ratio_1p0,fixed_alphaL_0p62_ratio_1p0,False,0.7974850586650992,0.6208450586085204,311.5705143656238,0.011715189866501349
fixed_alphaL_62p0_ratio_1p0,fixed_alphaL_6p2_ratio_0p1,False,0.8034350448453769,0.6363333495544555,330.7898963649355,0.010803975647824697
fixed_alphaL_62p0_ratio_1p0,fixed_alphaL_6p2_ratio_1p0,False,0.8493085408615175,0.707689523095082,318.25417860465194,0.007960042841106268
fixed_alphaL_62p0_ratio_1p0,fixed_alphaL_62p0_ratio_0p1,False,0.9018613283744463,0.821556158541359,388.8351076823269,0.006303172745138249
fixed_alphaL_62p0_ratio_1p0,fixed_alphaL_62p0_ratio_1p0,True,0.9908503187662228,0.9819294712324799,285.0732970688917,0.002362791465784539
