family,display_name,seed,n_cases,global_ssim,plume_ssim,ice_per_timestep,concentration_mae
cta_ffl_k_only,CTA-UNet+FFL K-only,0,174,0.9103556891931189,0.769236211255637,61592735.79691964,256.6398898681602
cta_ffl_k_only,CTA-UNet+FFL K-only,1,174,0.9114392729191526,0.7658056762503046,61592709.675636925,256.6408605701227
cta_ffl_k_only,CTA-UNet+FFL K-only,2,174,0.9108028810038111,0.7687744174265446,61592716.522222176,256.6401891806507
cta_ffl_k_only,CTA-UNet+FFL K-only,3,174,0.9110831793580989,0.7688556304138009,61592797.964079164,256.6401059649143
cta_ffl_k_only,CTA-UNet+FFL K-only,4,174,0.9114958220942593,0.769815227023006,61592749.25561088,256.64075948560276
cta_ffl_k_only,CTA-UNet+FFL K-only,5,174,0.9113381962912063,0.7738055604853483,61592846.019002385,256.6405402797678
cta_ffl_k_only,CTA-UNet+FFL K-only,6,174,0.9029801816065952,0.7601456888082072,61592659.760139,256.64076466112397
cta_ffl_k_only,CTA-UNet+FFL K-only,7,174,0.9068783096783879,0.760547315257873,61592893.288660586,256.6414807234833
cta_ffl_k_only,CTA-UNet+FFL K-only,8,174,0.9155562033981012,0.7794377336207503,61592775.39368629,256.6399768446063
cta_ffl_k_only,CTA-UNet+FFL K-only,9,174,0.9027740445916882,0.7524172464681239,61592813.06178711,256.64033725066923
cta_ffl_matched,CTA-UNet+FFL matched codes,0,174,0.9852462600670779,0.9370729998209576,61592594.991430536,256.6376462414722
cta_ffl_matched,CTA-UNet+FFL matched codes,1,174,0.9857205319137387,0.9405535408120068,61592632.91761626,256.63769565903635
cta_ffl_matched,CTA-UNet+FFL matched codes,2,174,0.9861180370815934,0.9416052908446323,61592590.81195001,256.6375211152805
cta_ffl_matched,CTA-UNet+FFL matched codes,3,174,0.985338101295051,0.9381716345029548,61592618.696980596,256.6377125406414
cta_ffl_matched,CTA-UNet+FFL matched codes,4,174,0.9859744331108866,0.9419324196689477,61592574.56317937,256.63749728693546
cta_ffl_matched,CTA-UNet+FFL matched codes,5,174,0.9856781168036444,0.9409952138713474,61592553.67698216,256.6374806617385
cta_ffl_matched,CTA-UNet+FFL matched codes,6,174,0.985636402128583,0.9412473371452826,61592561.79272261,256.6374634493413
cta_ffl_matched,CTA-UNet+FFL matched codes,7,174,0.9866402393986621,0.9429088091502685,61592601.2839986,256.6373955669392
cta_ffl_matched,CTA-UNet+FFL matched codes,8,174,0.9858317665453102,0.941229280980913,61592597.40948743,256.63742818162365
cta_ffl_matched,CTA-UNet+FFL matched codes,9,174,0.9860278806067305,0.9402690805550399,61592625.26888252,256.6376076596523
cta_ffl_permuted,CTA-UNet+FFL cyclic relabeling,0,174,0.9850819879203755,0.9373082364704625,61592618.2770887,256.6377264887512
cta_ffl_permuted,CTA-UNet+FFL cyclic relabeling,1,174,0.9850583519394828,0.937439928730065,61592595.92949558,256.63774222292443
cta_ffl_permuted,CTA-UNet+FFL cyclic relabeling,2,174,0.9860725078618617,0.9418927454350472,61592620.29014196,256.6375238558749
cta_ffl_permuted,CTA-UNet+FFL cyclic relabeling,3,174,0.9853481921348243,0.9383463409169951,61592609.97197642,256.63775110835684
cta_ffl_permuted,CTA-UNet+FFL cyclic relabeling,4,174,0.9861695658296894,0.9424215926145892,61592574.19821793,256.6374882205029
cta_ffl_permuted,CTA-UNet+FFL cyclic relabeling,5,174,0.9852214160604367,0.9385096334288324,61592557.59881674,256.6375841964549
cta_ffl_permuted,CTA-UNet+FFL cyclic relabeling,6,174,0.9861740300067052,0.9425247762260626,61592589.05371891,256.637429514972
cta_ffl_permuted,CTA-UNet+FFL cyclic relabeling,7,174,0.986397880263355,0.9431657364972431,61592575.979652956,256.6373587756862
cta_ffl_permuted,CTA-UNet+FFL cyclic relabeling,8,174,0.985528967791453,0.9402537037283161,61592593.36957873,256.637625566549
cta_ffl_permuted,CTA-UNet+FFL cyclic relabeling,9,174,0.9858581146065312,0.9397626745752884,61592608.00857923,256.63768261556555
cta_ffl_constant_placebo,CTA-UNet+FFL constant placebo,0,174,0.9100691544339679,0.7658268168107548,61592675.34101554,256.64046945209583
cta_ffl_constant_placebo,CTA-UNet+FFL constant placebo,1,174,0.90776820014071,0.7641923748382248,61592674.8229108,256.64135077465227
cta_ffl_constant_placebo,CTA-UNet+FFL constant placebo,2,174,0.911285716509794,0.7726750141692228,61592686.67448483,256.64007213277625
cta_ffl_constant_placebo,CTA-UNet+FFL constant placebo,3,174,0.9045681529755663,0.7608433825240644,61592813.164791405,256.6403374580895
cta_ffl_constant_placebo,CTA-UNet+FFL constant placebo,4,174,0.9139620770361822,0.77210224540367,61592863.62840668,256.6407354225988
cta_ffl_constant_placebo,CTA-UNet+FFL constant placebo,5,174,0.9078190817692726,0.7681026315770011,61592816.32898222,256.64038099495707
cta_ffl_constant_placebo,CTA-UNet+FFL constant placebo,6,174,0.9001208074089925,0.7487726750550682,61593318.69723129,256.64170982733464
cta_ffl_constant_placebo,CTA-UNet+FFL constant placebo,7,174,0.9041490705461827,0.7610939662088244,61592888.65225064,256.64022480252135
cta_ffl_constant_placebo,CTA-UNet+FFL constant placebo,8,174,0.9145228160083421,0.7776229886488184,61592742.1944775,256.64015512058455
cta_ffl_constant_placebo,CTA-UNet+FFL constant placebo,9,174,0.8994718611702026,0.7441985072159255,61592835.43006716,256.6407675901409
cta_ffl_independent_nuisance,CTA-UNet+FFL nuisance placebo,0,174,0.8512839358127783,0.6545246096722884,61593216.50498509,256.64501775416693
cta_ffl_independent_nuisance,CTA-UNet+FFL nuisance placebo,1,174,0.8780448594909794,0.703497449201686,61593705.17669512,256.6441492825876
cta_ffl_independent_nuisance,CTA-UNet+FFL nuisance placebo,2,174,0.8604465396649571,0.6841533736615157,61593850.70219549,256.6495247920816
cta_ffl_independent_nuisance,CTA-UNet+FFL nuisance placebo,3,174,0.8661321349326802,0.6723458699411938,61593518.295701765,256.64507998197615
cta_ffl_independent_nuisance,CTA-UNet+FFL nuisance placebo,4,174,0.8495814693862561,0.6737183389805848,61593588.092406,256.64505424643494
cta_ffl_independent_nuisance,CTA-UNet+FFL nuisance placebo,5,174,0.8549402233956287,0.6502439393672199,61593367.55484223,256.64562013956123
cta_ffl_independent_nuisance,CTA-UNet+FFL nuisance placebo,6,174,0.8843365308850201,0.7118414277624225,61593886.40322353,256.64979030079627
cta_ffl_independent_nuisance,CTA-UNet+FFL nuisance placebo,7,174,0.8284439575979211,0.6451660279634001,61593725.15930102,256.6462815418009
cta_ffl_independent_nuisance,CTA-UNet+FFL nuisance placebo,8,174,0.8294184557064012,0.6726787724420081,61593195.161266625,256.64455713926196
cta_ffl_independent_nuisance,CTA-UNet+FFL nuisance placebo,9,174,0.8722440361110281,0.7018211859237138,61593170.20565845,256.6449452209325
ms_tmo_matched,MS-TMO-UNet matched codes,0,174,0.9844102878428028,0.9354379006171183,61592550.235969305,256.6373518221157
ms_tmo_matched,MS-TMO-UNet matched codes,1,174,0.9851558818096239,0.9391374646676139,61592526.365507714,256.637217272341
ms_tmo_matched,MS-TMO-UNet matched codes,2,174,0.9850058934015566,0.9366389052909084,61592557.31758231,256.6374010141927
ms_tmo_matched,MS-TMO-UNet matched codes,3,174,0.9850737974694269,0.9368833805140042,61592507.318409875,256.63715110319396
ms_tmo_matched,MS-TMO-UNet matched codes,4,174,0.9851757077399149,0.9383032101724661,61592555.25816703,256.637177156449
ms_tmo_matched,MS-TMO-UNet matched codes,5,174,0.9849676505290149,0.9366250970908708,61592546.82247318,256.63724478559027
ms_tmo_matched,MS-TMO-UNet matched codes,6,174,0.9851199384128329,0.9376147558799734,61592550.19568098,256.6372425606659
ms_tmo_matched,MS-TMO-UNet matched codes,7,174,0.9856831866714996,0.9396978774608478,61592516.41383478,256.63705004987236
ms_tmo_matched,MS-TMO-UNet matched codes,8,174,0.9849217337335269,0.9371543089531789,61592562.02832527,256.6372179158536
ms_tmo_matched,MS-TMO-UNet matched codes,9,174,0.9855612701489727,0.9397073410833665,61592576.412136264,256.6371574722963
