pool,param_id,param_folder,label_equivalent_master_folder,true_geology_master_folder
P,19078,param_19078,param_078,param_078
P,19079,param_19079,param_079,param_079
P,19080,param_19080,param_080,param_080
P,19081,param_19081,param_081,param_081
P,19082,param_19082,param_082,param_082
P,19083,param_19083,param_083,param_083
T,20000,param_20000,param_000,param_000
T,20001,param_20001,param_001,param_001
T,20002,param_20002,param_002,param_002
T,20003,param_20003,param_003,param_003
T,20004,param_20004,param_004,param_004
T,20005,param_20005,param_005,param_005
T,20006,param_20006,param_006,param_006
T,20007,param_20007,param_007,param_007
T,20008,param_20008,param_008,param_008
T,20009,param_20009,param_009,param_009
T,20010,param_20010,param_010,param_010
T,20011,param_20011,param_011,param_011
T,20012,param_20012,param_012,param_012
T,20013,param_20013,param_013,param_013
T,20014,param_20014,param_014,param_014
T,20015,param_20015,param_015,param_015
T,20016,param_20016,param_016,param_016
T,20017,param_20017,param_017,param_017
T,20018,param_20018,param_018,param_054
T,20019,param_20019,param_019,param_055
T,20020,param_20020,param_020,param_056
T,20021,param_20021,param_021,param_057
T,20022,param_20022,param_022,param_058
T,20023,param_20023,param_023,param_059
T,20024,param_20024,param_024,param_060
T,20025,param_20025,param_025,param_061
T,20026,param_20026,param_026,param_062
T,20027,param_20027,param_027,param_063
T,20028,param_20028,param_028,param_064
T,20029,param_20029,param_029,param_065
T,20030,param_20030,param_030,param_066
T,20031,param_20031,param_031,param_067
T,20032,param_20032,param_032,param_068
T,20033,param_20033,param_033,param_069
T,20034,param_20034,param_034,param_070
T,20035,param_20035,param_035,param_071
T,20036,param_20036,param_036,param_108
T,20037,param_20037,param_037,param_109
T,20038,param_20038,param_038,param_110
T,20039,param_20039,param_039,param_111
T,20040,param_20040,param_040,param_112
T,20041,param_20041,param_041,param_113
T,20042,param_20042,param_042,param_114
T,20043,param_20043,param_043,param_115
T,20044,param_20044,param_044,param_116
T,20045,param_20045,param_045,param_117
T,20046,param_20046,param_046,param_118
T,20047,param_20047,param_047,param_119
T,20048,param_20048,param_048,param_120
T,20049,param_20049,param_049,param_121
T,20050,param_20050,param_050,param_122
T,20051,param_20051,param_051,param_123
T,20052,param_20052,param_052,param_124
T,20053,param_20053,param_053,param_125
T,20054,param_20054,param_054,param_018
T,20055,param_20055,param_055,param_019
T,20056,param_20056,param_056,param_020
T,20057,param_20057,param_057,param_021
T,20058,param_20058,param_058,param_022
T,20059,param_20059,param_059,param_023
T,20060,param_20060,param_060,param_024
T,20061,param_20061,param_061,param_025
T,20062,param_20062,param_062,param_026
T,20063,param_20063,param_063,param_027
T,20064,param_20064,param_064,param_028
T,20065,param_20065,param_065,param_029
T,20066,param_20066,param_066,param_030
T,20067,param_20067,param_067,param_031
T,20068,param_20068,param_068,param_032
T,20069,param_20069,param_069,param_033
T,20070,param_20070,param_070,param_034
T,20071,param_20071,param_071,param_035
T,20072,param_20072,param_072,param_072
T,20073,param_20073,param_073,param_073
T,20074,param_20074,param_074,param_074
T,20075,param_20075,param_075,param_075
T,20076,param_20076,param_076,param_076
T,20077,param_20077,param_077,param_077
T,20078,param_20078,param_078,param_078
T,20079,param_20079,param_079,param_079
T,20080,param_20080,param_080,param_080
T,20081,param_20081,param_081,param_081
T,20082,param_20082,param_082,param_082
T,20083,param_20083,param_083,param_083
T,20084,param_20084,param_084,param_084
T,20085,param_20085,param_085,param_085
T,20086,param_20086,param_086,param_086
T,20087,param_20087,param_087,param_087
T,20088,param_20088,param_088,param_088
T,20089,param_20089,param_089,param_089
T,20090,param_20090,param_090,param_126
T,20091,param_20091,param_091,param_127
T,20092,param_20092,param_092,param_128
T,20093,param_20093,param_093,param_129
T,20094,param_20094,param_094,param_130
T,20095,param_20095,param_095,param_131
T,20096,param_20096,param_096,param_132
T,20097,param_20097,param_097,param_133
T,20098,param_20098,param_098,param_134
T,20099,param_20099,param_099,param_135
T,20100,param_20100,param_100,param_136
T,20101,param_20101,param_101,param_137
T,20102,param_20102,param_102,param_138
T,20103,param_20103,param_103,param_139
T,20104,param_20104,param_104,param_140
T,20105,param_20105,param_105,param_141
T,20106,param_20106,param_106,param_142
T,20107,param_20107,param_107,param_143
T,20108,param_20108,param_108,param_036
T,20109,param_20109,param_109,param_037
T,20110,param_20110,param_110,param_038
T,20111,param_20111,param_111,param_039
T,20112,param_20112,param_112,param_040
T,20113,param_20113,param_113,param_041
T,20114,param_20114,param_114,param_042
T,20115,param_20115,param_115,param_043
T,20116,param_20116,param_116,param_044
T,20117,param_20117,param_117,param_045
T,20118,param_20118,param_118,param_046
T,20119,param_20119,param_119,param_047
T,20120,param_20120,param_120,param_048
T,20121,param_20121,param_121,param_049
T,20122,param_20122,param_122,param_050
T,20123,param_20123,param_123,param_051
T,20124,param_20124,param_124,param_052
T,20125,param_20125,param_125,param_053
T,20126,param_20126,param_126,param_090
T,20127,param_20127,param_127,param_091
T,20128,param_20128,param_128,param_092
T,20129,param_20129,param_129,param_093
T,20130,param_20130,param_130,param_094
T,20131,param_20131,param_131,param_095
T,20132,param_20132,param_132,param_096
T,20133,param_20133,param_133,param_097
T,20134,param_20134,param_134,param_098
T,20135,param_20135,param_135,param_099
T,20136,param_20136,param_136,param_100
T,20137,param_20137,param_137,param_101
T,20138,param_20138,param_138,param_102
T,20139,param_20139,param_139,param_103
T,20140,param_20140,param_140,param_104
T,20141,param_20141,param_141,param_105
T,20142,param_20142,param_142,param_106
T,20143,param_20143,param_143,param_107
T,20144,param_20144,param_144,param_144
T,20145,param_20145,param_145,param_145
T,20146,param_20146,param_146,param_146
T,20147,param_20147,param_147,param_147
T,20148,param_20148,param_148,param_148
T,20149,param_20149,param_149,param_149
T,20150,param_20150,param_150,param_150
T,20151,param_20151,param_151,param_151
T,20152,param_20152,param_152,param_152
T,20153,param_20153,param_153,param_153
T,20154,param_20154,param_154,param_154
T,20155,param_20155,param_155,param_155
T,20156,param_20156,param_156,param_156
T,20157,param_20157,param_157,param_157
T,20158,param_20158,param_158,param_158
T,20159,param_20159,param_159,param_159
T,20160,param_20160,param_160,param_160
T,20161,param_20161,param_161,param_161
R,21000,param_21000,param_000,param_000
R,21001,param_21001,param_001,param_001
R,21002,param_21002,param_002,param_002
R,21003,param_21003,param_003,param_003
R,21004,param_21004,param_004,param_004
R,21005,param_21005,param_005,param_005
R,21006,param_21006,param_006,param_006
R,21007,param_21007,param_007,param_007
R,21008,param_21008,param_008,param_008
R,21009,param_21009,param_009,param_009
R,21010,param_21010,param_010,param_010
R,21011,param_21011,param_011,param_011
R,21012,param_21012,param_012,param_012
R,21013,param_21013,param_013,param_013
R,21014,param_21014,param_014,param_014
R,21015,param_21015,param_015,param_015
R,21016,param_21016,param_016,param_016
R,21017,param_21017,param_017,param_017
R,21018,param_21018,param_018,param_054
R,21019,param_21019,param_019,param_055
R,21020,param_21020,param_020,param_056
R,21021,param_21021,param_021,param_057
R,21022,param_21022,param_022,param_058
R,21023,param_21023,param_023,param_059
R,21024,param_21024,param_024,param_060
R,21025,param_21025,param_025,param_061
R,21026,param_21026,param_026,param_062
R,21027,param_21027,param_027,param_063
R,21028,param_21028,param_028,param_064
R,21029,param_21029,param_029,param_065
R,21030,param_21030,param_030,param_066
R,21031,param_21031,param_031,param_067
R,21032,param_21032,param_032,param_068
R,21033,param_21033,param_033,param_069
R,21034,param_21034,param_034,param_070
R,21035,param_21035,param_035,param_071
R,21036,param_21036,param_036,param_108
R,21037,param_21037,param_037,param_109
R,21038,param_21038,param_038,param_110
R,21039,param_21039,param_039,param_111
R,21040,param_21040,param_040,param_112
R,21041,param_21041,param_041,param_113
R,21042,param_21042,param_042,param_114
R,21043,param_21043,param_043,param_115
R,21044,param_21044,param_044,param_116
R,21045,param_21045,param_045,param_117
R,21046,param_21046,param_046,param_118
R,21047,param_21047,param_047,param_119
R,21048,param_21048,param_048,param_120
R,21049,param_21049,param_049,param_121
R,21050,param_21050,param_050,param_122
R,21051,param_21051,param_051,param_123
R,21052,param_21052,param_052,param_124
R,21053,param_21053,param_053,param_125
R,21054,param_21054,param_054,param_018
R,21055,param_21055,param_055,param_019
R,21056,param_21056,param_056,param_020
R,21057,param_21057,param_057,param_021
R,21058,param_21058,param_058,param_022
R,21059,param_21059,param_059,param_023
R,21060,param_21060,param_060,param_024
R,21061,param_21061,param_061,param_025
R,21062,param_21062,param_062,param_026
R,21063,param_21063,param_063,param_027
R,21064,param_21064,param_064,param_028
R,21065,param_21065,param_065,param_029
R,21066,param_21066,param_066,param_030
R,21067,param_21067,param_067,param_031
R,21068,param_21068,param_068,param_032
R,21069,param_21069,param_069,param_033
R,21070,param_21070,param_070,param_034
R,21071,param_21071,param_071,param_035
R,21072,param_21072,param_072,param_072
R,21073,param_21073,param_073,param_073
R,21074,param_21074,param_074,param_074
R,21075,param_21075,param_075,param_075
R,21076,param_21076,param_076,param_076
R,21077,param_21077,param_077,param_077
R,21078,param_21078,param_078,param_078
R,21079,param_21079,param_079,param_079
R,21080,param_21080,param_080,param_080
R,21081,param_21081,param_081,param_081
R,21082,param_21082,param_082,param_082
R,21083,param_21083,param_083,param_083
R,21084,param_21084,param_084,param_084
R,21085,param_21085,param_085,param_085
R,21086,param_21086,param_086,param_086
R,21087,param_21087,param_087,param_087
R,21088,param_21088,param_088,param_088
R,21089,param_21089,param_089,param_089
R,21090,param_21090,param_090,param_126
R,21091,param_21091,param_091,param_127
R,21092,param_21092,param_092,param_128
R,21093,param_21093,param_093,param_129
R,21094,param_21094,param_094,param_130
R,21095,param_21095,param_095,param_131
R,21096,param_21096,param_096,param_132
R,21097,param_21097,param_097,param_133
R,21098,param_21098,param_098,param_134
R,21099,param_21099,param_099,param_135
R,21100,param_21100,param_100,param_136
R,21101,param_21101,param_101,param_137
R,21102,param_21102,param_102,param_138
R,21103,param_21103,param_103,param_139
R,21104,param_21104,param_104,param_140
R,21105,param_21105,param_105,param_141
R,21106,param_21106,param_106,param_142
R,21107,param_21107,param_107,param_143
R,21108,param_21108,param_108,param_036
R,21109,param_21109,param_109,param_037
R,21110,param_21110,param_110,param_038
R,21111,param_21111,param_111,param_039
R,21112,param_21112,param_112,param_040
R,21113,param_21113,param_113,param_041
R,21114,param_21114,param_114,param_042
R,21115,param_21115,param_115,param_043
R,21116,param_21116,param_116,param_044
R,21117,param_21117,param_117,param_045
R,21118,param_21118,param_118,param_046
R,21119,param_21119,param_119,param_047
R,21120,param_21120,param_120,param_048
R,21121,param_21121,param_121,param_049
R,21122,param_21122,param_122,param_050
R,21123,param_21123,param_123,param_051
R,21124,param_21124,param_124,param_052
R,21125,param_21125,param_125,param_053
R,21126,param_21126,param_126,param_090
R,21127,param_21127,param_127,param_091
R,21128,param_21128,param_128,param_092
R,21129,param_21129,param_129,param_093
R,21130,param_21130,param_130,param_094
R,21131,param_21131,param_131,param_095
R,21132,param_21132,param_132,param_096
R,21133,param_21133,param_133,param_097
R,21134,param_21134,param_134,param_098
R,21135,param_21135,param_135,param_099
R,21136,param_21136,param_136,param_100
R,21137,param_21137,param_137,param_101
R,21138,param_21138,param_138,param_102
R,21139,param_21139,param_139,param_103
R,21140,param_21140,param_140,param_104
R,21141,param_21141,param_141,param_105
R,21142,param_21142,param_142,param_106
R,21143,param_21143,param_143,param_107
R,21144,param_21144,param_144,param_144
R,21145,param_21145,param_145,param_145
R,21146,param_21146,param_146,param_146
R,21147,param_21147,param_147,param_147
R,21148,param_21148,param_148,param_148
R,21149,param_21149,param_149,param_149
R,21150,param_21150,param_150,param_150
R,21151,param_21151,param_151,param_151
R,21152,param_21152,param_152,param_152
R,21153,param_21153,param_153,param_153
R,21154,param_21154,param_154,param_154
R,21155,param_21155,param_155,param_155
R,21156,param_21156,param_156,param_156
R,21157,param_21157,param_157,param_157
R,21158,param_21158,param_158,param_158
R,21159,param_21159,param_159,param_159
R,21160,param_21160,param_160,param_160
R,21161,param_21161,param_161,param_161
