pool,param_id,master_equivalent_param_id,cell_id,lambda,anisotropy,sigma2Y,alphaL,alphaT_over_alphaL,n_realizations,seed,transport_id
P,19078,78,13,50,5,1.0,0.62,0.1,2,350777,0
P,19079,79,13,50,5,1.0,0.62,1.0,2,350777,1
P,19080,80,13,50,5,1.0,6.2,0.1,2,350777,2
P,19081,81,13,50,5,1.0,6.2,1.0,2,350777,3
P,19082,82,13,50,5,1.0,62.0,0.1,2,350777,4
P,19083,83,13,50,5,1.0,62.0,1.0,2,350777,5
T,20000,0,0,20,1,0.1,0.62,0.1,5,665907,0
T,20001,1,0,20,1,0.1,0.62,1.0,5,665907,1
T,20002,2,0,20,1,0.1,6.2,0.1,5,665907,2
T,20003,3,0,20,1,0.1,6.2,1.0,5,665907,3
T,20004,4,0,20,1,0.1,62.0,0.1,5,665907,4
T,20005,5,0,20,1,0.1,62.0,1.0,5,665907,5
T,20006,6,1,20,1,1.0,0.62,0.1,5,886061,0
T,20007,7,1,20,1,1.0,0.62,1.0,5,886061,1
T,20008,8,1,20,1,1.0,6.2,0.1,5,886061,2
T,20009,9,1,20,1,1.0,6.2,1.0,5,886061,3
T,20010,10,1,20,1,1.0,62.0,0.1,5,886061,4
T,20011,11,1,20,1,1.0,62.0,1.0,5,886061,5
T,20012,12,2,20,1,2.0,0.62,0.1,5,594413,0
T,20013,13,2,20,1,2.0,0.62,1.0,5,594413,1
T,20014,14,2,20,1,2.0,6.2,0.1,5,594413,2
T,20015,15,2,20,1,2.0,6.2,1.0,5,594413,3
T,20016,16,2,20,1,2.0,62.0,0.1,5,594413,4
T,20017,17,2,20,1,2.0,62.0,1.0,5,594413,5
T,20018,18,3,20,5,0.1,0.62,0.1,5,395979,0
T,20019,19,3,20,5,0.1,0.62,1.0,5,395979,1
T,20020,20,3,20,5,0.1,6.2,0.1,5,395979,2
T,20021,21,3,20,5,0.1,6.2,1.0,5,395979,3
T,20022,22,3,20,5,0.1,62.0,0.1,5,395979,4
T,20023,23,3,20,5,0.1,62.0,1.0,5,395979,5
T,20024,24,4,20,5,1.0,0.62,0.1,5,398583,0
T,20025,25,4,20,5,1.0,0.62,1.0,5,398583,1
T,20026,26,4,20,5,1.0,6.2,0.1,5,398583,2
T,20027,27,4,20,5,1.0,6.2,1.0,5,398583,3
T,20028,28,4,20,5,1.0,62.0,0.1,5,398583,4
T,20029,29,4,20,5,1.0,62.0,1.0,5,398583,5
T,20030,30,5,20,5,2.0,0.62,0.1,5,926159,0
T,20031,31,5,20,5,2.0,0.62,1.0,5,926159,1
T,20032,32,5,20,5,2.0,6.2,0.1,5,926159,2
T,20033,33,5,20,5,2.0,6.2,1.0,5,926159,3
T,20034,34,5,20,5,2.0,62.0,0.1,5,926159,4
T,20035,35,5,20,5,2.0,62.0,1.0,5,926159,5
T,20036,36,6,20,10,0.1,0.62,0.1,5,681087,0
T,20037,37,6,20,10,0.1,0.62,1.0,5,681087,1
T,20038,38,6,20,10,0.1,6.2,0.1,5,681087,2
T,20039,39,6,20,10,0.1,6.2,1.0,5,681087,3
T,20040,40,6,20,10,0.1,62.0,0.1,5,681087,4
T,20041,41,6,20,10,0.1,62.0,1.0,5,681087,5
T,20042,42,7,20,10,1.0,0.62,0.1,5,133191,0
T,20043,43,7,20,10,1.0,0.62,1.0,5,133191,1
T,20044,44,7,20,10,1.0,6.2,0.1,5,133191,2
T,20045,45,7,20,10,1.0,6.2,1.0,5,133191,3
T,20046,46,7,20,10,1.0,62.0,0.1,5,133191,4
T,20047,47,7,20,10,1.0,62.0,1.0,5,133191,5
T,20048,48,8,20,10,2.0,0.62,0.1,5,985811,0
T,20049,49,8,20,10,2.0,0.62,1.0,5,985811,1
T,20050,50,8,20,10,2.0,6.2,0.1,5,985811,2
T,20051,51,8,20,10,2.0,6.2,1.0,5,985811,3
T,20052,52,8,20,10,2.0,62.0,0.1,5,985811,4
T,20053,53,8,20,10,2.0,62.0,1.0,5,985811,5
T,20054,54,9,50,1,0.1,0.62,0.1,5,831209,0
T,20055,55,9,50,1,0.1,0.62,1.0,5,831209,1
T,20056,56,9,50,1,0.1,6.2,0.1,5,831209,2
T,20057,57,9,50,1,0.1,6.2,1.0,5,831209,3
T,20058,58,9,50,1,0.1,62.0,0.1,5,831209,4
T,20059,59,9,50,1,0.1,62.0,1.0,5,831209,5
T,20060,60,10,50,1,1.0,0.62,0.1,5,468877,0
T,20061,61,10,50,1,1.0,0.62,1.0,5,468877,1
T,20062,62,10,50,1,1.0,6.2,0.1,5,468877,2
T,20063,63,10,50,1,1.0,6.2,1.0,5,468877,3
T,20064,64,10,50,1,1.0,62.0,0.1,5,468877,4
T,20065,65,10,50,1,1.0,62.0,1.0,5,468877,5
T,20066,66,11,50,1,2.0,0.62,0.1,5,968519,0
T,20067,67,11,50,1,2.0,0.62,1.0,5,968519,1
T,20068,68,11,50,1,2.0,6.2,0.1,5,968519,2
T,20069,69,11,50,1,2.0,6.2,1.0,5,968519,3
T,20070,70,11,50,1,2.0,62.0,0.1,5,968519,4
T,20071,71,11,50,1,2.0,62.0,1.0,5,968519,5
T,20072,72,12,50,5,0.1,0.62,0.1,5,379065,0
T,20073,73,12,50,5,0.1,0.62,1.0,5,379065,1
T,20074,74,12,50,5,0.1,6.2,0.1,5,379065,2
T,20075,75,12,50,5,0.1,6.2,1.0,5,379065,3
T,20076,76,12,50,5,0.1,62.0,0.1,5,379065,4
T,20077,77,12,50,5,0.1,62.0,1.0,5,379065,5
T,20078,78,13,50,5,1.0,0.62,0.1,5,149549,0
T,20079,79,13,50,5,1.0,0.62,1.0,5,149549,1
T,20080,80,13,50,5,1.0,6.2,0.1,5,149549,2
T,20081,81,13,50,5,1.0,6.2,1.0,5,149549,3
T,20082,82,13,50,5,1.0,62.0,0.1,5,149549,4
T,20083,83,13,50,5,1.0,62.0,1.0,5,149549,5
T,20084,84,14,50,5,2.0,0.62,0.1,5,683625,0
T,20085,85,14,50,5,2.0,0.62,1.0,5,683625,1
T,20086,86,14,50,5,2.0,6.2,0.1,5,683625,2
T,20087,87,14,50,5,2.0,6.2,1.0,5,683625,3
T,20088,88,14,50,5,2.0,62.0,0.1,5,683625,4
T,20089,89,14,50,5,2.0,62.0,1.0,5,683625,5
T,20090,90,15,50,10,0.1,0.62,0.1,5,223111,0
T,20091,91,15,50,10,0.1,0.62,1.0,5,223111,1
T,20092,92,15,50,10,0.1,6.2,0.1,5,223111,2
T,20093,93,15,50,10,0.1,6.2,1.0,5,223111,3
T,20094,94,15,50,10,0.1,62.0,0.1,5,223111,4
T,20095,95,15,50,10,0.1,62.0,1.0,5,223111,5
T,20096,96,16,50,10,1.0,0.62,0.1,5,524531,0
T,20097,97,16,50,10,1.0,0.62,1.0,5,524531,1
T,20098,98,16,50,10,1.0,6.2,0.1,5,524531,2
T,20099,99,16,50,10,1.0,6.2,1.0,5,524531,3
T,20100,100,16,50,10,1.0,62.0,0.1,5,524531,4
T,20101,101,16,50,10,1.0,62.0,1.0,5,524531,5
T,20102,102,17,50,10,2.0,0.62,0.1,5,417415,0
T,20103,103,17,50,10,2.0,0.62,1.0,5,417415,1
T,20104,104,17,50,10,2.0,6.2,0.1,5,417415,2
T,20105,105,17,50,10,2.0,6.2,1.0,5,417415,3
T,20106,106,17,50,10,2.0,62.0,0.1,5,417415,4
T,20107,107,17,50,10,2.0,62.0,1.0,5,417415,5
T,20108,108,18,500,1,0.1,0.62,0.1,5,760663,0
T,20109,109,18,500,1,0.1,0.62,1.0,5,760663,1
T,20110,110,18,500,1,0.1,6.2,0.1,5,760663,2
T,20111,111,18,500,1,0.1,6.2,1.0,5,760663,3
T,20112,112,18,500,1,0.1,62.0,0.1,5,760663,4
T,20113,113,18,500,1,0.1,62.0,1.0,5,760663,5
T,20114,114,19,500,1,1.0,0.62,0.1,5,299341,0
T,20115,115,19,500,1,1.0,0.62,1.0,5,299341,1
T,20116,116,19,500,1,1.0,6.2,0.1,5,299341,2
T,20117,117,19,500,1,1.0,6.2,1.0,5,299341,3
T,20118,118,19,500,1,1.0,62.0,0.1,5,299341,4
T,20119,119,19,500,1,1.0,62.0,1.0,5,299341,5
T,20120,120,20,500,1,2.0,0.62,0.1,5,187247,0
T,20121,121,20,500,1,2.0,0.62,1.0,5,187247,1
T,20122,122,20,500,1,2.0,6.2,0.1,5,187247,2
T,20123,123,20,500,1,2.0,6.2,1.0,5,187247,3
T,20124,124,20,500,1,2.0,62.0,0.1,5,187247,4
T,20125,125,20,500,1,2.0,62.0,1.0,5,187247,5
T,20126,126,21,500,5,0.1,0.62,0.1,5,581445,0
T,20127,127,21,500,5,0.1,0.62,1.0,5,581445,1
T,20128,128,21,500,5,0.1,6.2,0.1,5,581445,2
T,20129,129,21,500,5,0.1,6.2,1.0,5,581445,3
T,20130,130,21,500,5,0.1,62.0,0.1,5,581445,4
T,20131,131,21,500,5,0.1,62.0,1.0,5,581445,5
T,20132,132,22,500,5,1.0,0.62,0.1,5,370541,0
T,20133,133,22,500,5,1.0,0.62,1.0,5,370541,1
T,20134,134,22,500,5,1.0,6.2,0.1,5,370541,2
T,20135,135,22,500,5,1.0,6.2,1.0,5,370541,3
T,20136,136,22,500,5,1.0,62.0,0.1,5,370541,4
T,20137,137,22,500,5,1.0,62.0,1.0,5,370541,5
T,20138,138,23,500,5,2.0,0.62,0.1,5,899187,0
T,20139,139,23,500,5,2.0,0.62,1.0,5,899187,1
T,20140,140,23,500,5,2.0,6.2,0.1,5,899187,2
T,20141,141,23,500,5,2.0,6.2,1.0,5,899187,3
T,20142,142,23,500,5,2.0,62.0,0.1,5,899187,4
T,20143,143,23,500,5,2.0,62.0,1.0,5,899187,5
T,20144,144,24,500,10,0.1,0.62,0.1,5,190757,0
T,20145,145,24,500,10,0.1,0.62,1.0,5,190757,1
T,20146,146,24,500,10,0.1,6.2,0.1,5,190757,2
T,20147,147,24,500,10,0.1,6.2,1.0,5,190757,3
T,20148,148,24,500,10,0.1,62.0,0.1,5,190757,4
T,20149,149,24,500,10,0.1,62.0,1.0,5,190757,5
T,20150,150,25,500,10,1.0,0.62,0.1,5,636905,0
T,20151,151,25,500,10,1.0,0.62,1.0,5,636905,1
T,20152,152,25,500,10,1.0,6.2,0.1,5,636905,2
T,20153,153,25,500,10,1.0,6.2,1.0,5,636905,3
T,20154,154,25,500,10,1.0,62.0,0.1,5,636905,4
T,20155,155,25,500,10,1.0,62.0,1.0,5,636905,5
T,20156,156,26,500,10,2.0,0.62,0.1,5,998467,0
T,20157,157,26,500,10,2.0,0.62,1.0,5,998467,1
T,20158,158,26,500,10,2.0,6.2,0.1,5,998467,2
T,20159,159,26,500,10,2.0,6.2,1.0,5,998467,3
T,20160,160,26,500,10,2.0,62.0,0.1,5,998467,4
T,20161,161,26,500,10,2.0,62.0,1.0,5,998467,5
R,21000,0,0,20,1,0.1,0.62,0.1,10,524071,0
R,21001,1,0,20,1,0.1,0.62,1.0,10,524071,1
R,21002,2,0,20,1,0.1,6.2,0.1,10,524071,2
R,21003,3,0,20,1,0.1,6.2,1.0,10,524071,3
R,21004,4,0,20,1,0.1,62.0,0.1,10,524071,4
R,21005,5,0,20,1,0.1,62.0,1.0,10,524071,5
R,21006,6,1,20,1,1.0,0.62,0.1,10,853139,0
R,21007,7,1,20,1,1.0,0.62,1.0,10,853139,1
R,21008,8,1,20,1,1.0,6.2,0.1,10,853139,2
R,21009,9,1,20,1,1.0,6.2,1.0,10,853139,3
R,21010,10,1,20,1,1.0,62.0,0.1,10,853139,4
R,21011,11,1,20,1,1.0,62.0,1.0,10,853139,5
R,21012,12,2,20,1,2.0,0.62,0.1,10,643373,0
R,21013,13,2,20,1,2.0,0.62,1.0,10,643373,1
R,21014,14,2,20,1,2.0,6.2,0.1,10,643373,2
R,21015,15,2,20,1,2.0,6.2,1.0,10,643373,3
R,21016,16,2,20,1,2.0,62.0,0.1,10,643373,4
R,21017,17,2,20,1,2.0,62.0,1.0,10,643373,5
R,21018,18,3,20,5,0.1,0.62,0.1,10,145571,0
R,21019,19,3,20,5,0.1,0.62,1.0,10,145571,1
R,21020,20,3,20,5,0.1,6.2,0.1,10,145571,2
R,21021,21,3,20,5,0.1,6.2,1.0,10,145571,3
R,21022,22,3,20,5,0.1,62.0,0.1,10,145571,4
R,21023,23,3,20,5,0.1,62.0,1.0,10,145571,5
R,21024,24,4,20,5,1.0,0.62,0.1,10,359149,0
R,21025,25,4,20,5,1.0,0.62,1.0,10,359149,1
R,21026,26,4,20,5,1.0,6.2,0.1,10,359149,2
R,21027,27,4,20,5,1.0,6.2,1.0,10,359149,3
R,21028,28,4,20,5,1.0,62.0,0.1,10,359149,4
R,21029,29,4,20,5,1.0,62.0,1.0,10,359149,5
R,21030,30,5,20,5,2.0,0.62,0.1,10,360159,0
R,21031,31,5,20,5,2.0,0.62,1.0,10,360159,1
R,21032,32,5,20,5,2.0,6.2,0.1,10,360159,2
R,21033,33,5,20,5,2.0,6.2,1.0,10,360159,3
R,21034,34,5,20,5,2.0,62.0,0.1,10,360159,4
R,21035,35,5,20,5,2.0,62.0,1.0,10,360159,5
R,21036,36,6,20,10,0.1,0.62,0.1,10,347099,0
R,21037,37,6,20,10,0.1,0.62,1.0,10,347099,1
R,21038,38,6,20,10,0.1,6.2,0.1,10,347099,2
R,21039,39,6,20,10,0.1,6.2,1.0,10,347099,3
R,21040,40,6,20,10,0.1,62.0,0.1,10,347099,4
R,21041,41,6,20,10,0.1,62.0,1.0,10,347099,5
R,21042,42,7,20,10,1.0,0.62,0.1,10,859321,0
R,21043,43,7,20,10,1.0,0.62,1.0,10,859321,1
R,21044,44,7,20,10,1.0,6.2,0.1,10,859321,2
R,21045,45,7,20,10,1.0,6.2,1.0,10,859321,3
R,21046,46,7,20,10,1.0,62.0,0.1,10,859321,4
R,21047,47,7,20,10,1.0,62.0,1.0,10,859321,5
R,21048,48,8,20,10,2.0,0.62,0.1,10,827901,0
R,21049,49,8,20,10,2.0,0.62,1.0,10,827901,1
R,21050,50,8,20,10,2.0,6.2,0.1,10,827901,2
R,21051,51,8,20,10,2.0,6.2,1.0,10,827901,3
R,21052,52,8,20,10,2.0,62.0,0.1,10,827901,4
R,21053,53,8,20,10,2.0,62.0,1.0,10,827901,5
R,21054,54,9,50,1,0.1,0.62,0.1,10,965741,0
R,21055,55,9,50,1,0.1,0.62,1.0,10,965741,1
R,21056,56,9,50,1,0.1,6.2,0.1,10,965741,2
R,21057,57,9,50,1,0.1,6.2,1.0,10,965741,3
R,21058,58,9,50,1,0.1,62.0,0.1,10,965741,4
R,21059,59,9,50,1,0.1,62.0,1.0,10,965741,5
R,21060,60,10,50,1,1.0,0.62,0.1,10,780247,0
R,21061,61,10,50,1,1.0,0.62,1.0,10,780247,1
R,21062,62,10,50,1,1.0,6.2,0.1,10,780247,2
R,21063,63,10,50,1,1.0,6.2,1.0,10,780247,3
R,21064,64,10,50,1,1.0,62.0,0.1,10,780247,4
R,21065,65,10,50,1,1.0,62.0,1.0,10,780247,5
R,21066,66,11,50,1,2.0,0.62,0.1,10,267669,0
R,21067,67,11,50,1,2.0,0.62,1.0,10,267669,1
R,21068,68,11,50,1,2.0,6.2,0.1,10,267669,2
R,21069,69,11,50,1,2.0,6.2,1.0,10,267669,3
R,21070,70,11,50,1,2.0,62.0,0.1,10,267669,4
R,21071,71,11,50,1,2.0,62.0,1.0,10,267669,5
R,21072,72,12,50,5,0.1,0.62,0.1,10,626999,0
R,21073,73,12,50,5,0.1,0.62,1.0,10,626999,1
R,21074,74,12,50,5,0.1,6.2,0.1,10,626999,2
R,21075,75,12,50,5,0.1,6.2,1.0,10,626999,3
R,21076,76,12,50,5,0.1,62.0,0.1,10,626999,4
R,21077,77,12,50,5,0.1,62.0,1.0,10,626999,5
R,21078,78,13,50,5,1.0,0.62,0.1,10,735101,0
R,21079,79,13,50,5,1.0,0.62,1.0,10,735101,1
R,21080,80,13,50,5,1.0,6.2,0.1,10,735101,2
R,21081,81,13,50,5,1.0,6.2,1.0,10,735101,3
R,21082,82,13,50,5,1.0,62.0,0.1,10,735101,4
R,21083,83,13,50,5,1.0,62.0,1.0,10,735101,5
R,21084,84,14,50,5,2.0,0.62,0.1,10,657297,0
R,21085,85,14,50,5,2.0,0.62,1.0,10,657297,1
R,21086,86,14,50,5,2.0,6.2,0.1,10,657297,2
R,21087,87,14,50,5,2.0,6.2,1.0,10,657297,3
R,21088,88,14,50,5,2.0,62.0,0.1,10,657297,4
R,21089,89,14,50,5,2.0,62.0,1.0,10,657297,5
R,21090,90,15,50,10,0.1,0.62,0.1,10,961327,0
R,21091,91,15,50,10,0.1,0.62,1.0,10,961327,1
R,21092,92,15,50,10,0.1,6.2,0.1,10,961327,2
R,21093,93,15,50,10,0.1,6.2,1.0,10,961327,3
R,21094,94,15,50,10,0.1,62.0,0.1,10,961327,4
R,21095,95,15,50,10,0.1,62.0,1.0,10,961327,5
R,21096,96,16,50,10,1.0,0.62,0.1,10,927813,0
R,21097,97,16,50,10,1.0,0.62,1.0,10,927813,1
R,21098,98,16,50,10,1.0,6.2,0.1,10,927813,2
R,21099,99,16,50,10,1.0,6.2,1.0,10,927813,3
R,21100,100,16,50,10,1.0,62.0,0.1,10,927813,4
R,21101,101,16,50,10,1.0,62.0,1.0,10,927813,5
R,21102,102,17,50,10,2.0,0.62,0.1,10,259655,0
R,21103,103,17,50,10,2.0,0.62,1.0,10,259655,1
R,21104,104,17,50,10,2.0,6.2,0.1,10,259655,2
R,21105,105,17,50,10,2.0,6.2,1.0,10,259655,3
R,21106,106,17,50,10,2.0,62.0,0.1,10,259655,4
R,21107,107,17,50,10,2.0,62.0,1.0,10,259655,5
R,21108,108,18,500,1,0.1,0.62,0.1,10,154267,0
R,21109,109,18,500,1,0.1,0.62,1.0,10,154267,1
R,21110,110,18,500,1,0.1,6.2,0.1,10,154267,2
R,21111,111,18,500,1,0.1,6.2,1.0,10,154267,3
R,21112,112,18,500,1,0.1,62.0,0.1,10,154267,4
R,21113,113,18,500,1,0.1,62.0,1.0,10,154267,5
R,21114,114,19,500,1,1.0,0.62,0.1,10,629613,0
R,21115,115,19,500,1,1.0,0.62,1.0,10,629613,1
R,21116,116,19,500,1,1.0,6.2,0.1,10,629613,2
R,21117,117,19,500,1,1.0,6.2,1.0,10,629613,3
R,21118,118,19,500,1,1.0,62.0,0.1,10,629613,4
R,21119,119,19,500,1,1.0,62.0,1.0,10,629613,5
R,21120,120,20,500,1,2.0,0.62,0.1,10,359483,0
R,21121,121,20,500,1,2.0,0.62,1.0,10,359483,1
R,21122,122,20,500,1,2.0,6.2,0.1,10,359483,2
R,21123,123,20,500,1,2.0,6.2,1.0,10,359483,3
R,21124,124,20,500,1,2.0,62.0,0.1,10,359483,4
R,21125,125,20,500,1,2.0,62.0,1.0,10,359483,5
R,21126,126,21,500,5,0.1,0.62,0.1,10,862385,0
R,21127,127,21,500,5,0.1,0.62,1.0,10,862385,1
R,21128,128,21,500,5,0.1,6.2,0.1,10,862385,2
R,21129,129,21,500,5,0.1,6.2,1.0,10,862385,3
R,21130,130,21,500,5,0.1,62.0,0.1,10,862385,4
R,21131,131,21,500,5,0.1,62.0,1.0,10,862385,5
R,21132,132,22,500,5,1.0,0.62,0.1,10,361291,0
R,21133,133,22,500,5,1.0,0.62,1.0,10,361291,1
R,21134,134,22,500,5,1.0,6.2,0.1,10,361291,2
R,21135,135,22,500,5,1.0,6.2,1.0,10,361291,3
R,21136,136,22,500,5,1.0,62.0,0.1,10,361291,4
R,21137,137,22,500,5,1.0,62.0,1.0,10,361291,5
R,21138,138,23,500,5,2.0,0.62,0.1,10,546553,0
R,21139,139,23,500,5,2.0,0.62,1.0,10,546553,1
R,21140,140,23,500,5,2.0,6.2,0.1,10,546553,2
R,21141,141,23,500,5,2.0,6.2,1.0,10,546553,3
R,21142,142,23,500,5,2.0,62.0,0.1,10,546553,4
R,21143,143,23,500,5,2.0,62.0,1.0,10,546553,5
R,21144,144,24,500,10,0.1,0.62,0.1,10,745673,0
R,21145,145,24,500,10,0.1,0.62,1.0,10,745673,1
R,21146,146,24,500,10,0.1,6.2,0.1,10,745673,2
R,21147,147,24,500,10,0.1,6.2,1.0,10,745673,3
R,21148,148,24,500,10,0.1,62.0,0.1,10,745673,4
R,21149,149,24,500,10,0.1,62.0,1.0,10,745673,5
R,21150,150,25,500,10,1.0,0.62,0.1,10,289607,0
R,21151,151,25,500,10,1.0,0.62,1.0,10,289607,1
R,21152,152,25,500,10,1.0,6.2,0.1,10,289607,2
R,21153,153,25,500,10,1.0,6.2,1.0,10,289607,3
R,21154,154,25,500,10,1.0,62.0,0.1,10,289607,4
R,21155,155,25,500,10,1.0,62.0,1.0,10,289607,5
R,21156,156,26,500,10,2.0,0.62,0.1,10,224371,0
R,21157,157,26,500,10,2.0,0.62,1.0,10,224371,1
R,21158,158,26,500,10,2.0,6.2,0.1,10,224371,2
R,21159,159,26,500,10,2.0,6.2,1.0,10,224371,3
R,21160,160,26,500,10,2.0,62.0,0.1,10,224371,4
R,21161,161,26,500,10,2.0,62.0,1.0,10,224371,5
