pool,cell_id,real,n_transport_files,k_consistent,max_abs_r_master,best_master,max_abs_r_master_flipud_diag,max_abs_r_other_new_cells,best_other_new,max_abs_r_same_cell_diag,twin_free,within_chance,independent
T,0,1,6,True,0.028436733409762383,param_150/real_002.npz,0.04298659414052963,0.042938146740198135,T/cell25/real1,0.013909675180912018,True,True,True
T,0,2,6,True,0.030965890735387802,param_048/real_005.npz,0.03275755047798157,0.04988516867160797,T/cell15/real5,0.013909675180912018,True,True,True
T,0,3,6,True,0.018555542454123497,param_018/real_002.npz,0.030803468078374863,0.036950647830963135,T/cell21/real3,0.01104199979454279,True,True,True
T,0,4,6,True,0.029059141874313354,param_024/real_005.npz,0.059300944209098816,0.049400974065065384,T/cell24/real4,0.01229848898947239,True,True,True
T,0,5,6,True,0.034103523939847946,param_102/real_001.npz,0.029085569083690643,0.05323494225740433,T/cell18/real5,0.007662072777748108,True,True,True
T,1,1,6,True,0.025452906265854836,param_099/real_004.npz,0.03299771249294281,0.8894007205963135,T/cell9/real1,0.026472249999642372,False,True,False
T,1,2,6,True,0.03893634304404259,param_036/real_002.npz,0.018819676712155342,0.8924589157104492,T/cell9/real2,0.011297198012471199,False,True,False
T,1,3,6,True,0.03234446421265602,param_018/real_003.npz,0.03732067346572876,0.8870838284492493,T/cell10/real3,0.012753374874591827,False,True,False
T,1,4,6,True,0.05099186301231384,param_144/real_003.npz,0.050952695310115814,0.8840058445930481,T/cell10/real4,0.011759746819734573,False,True,False
T,1,5,6,True,0.037889204919338226,param_156/real_005.npz,0.046524204313755035,0.8870963454246521,T/cell10/real5,0.026472249999642372,False,True,False
T,2,1,6,True,0.019963132217526436,param_036/real_003.npz,0.03190720081329346,0.03864097595214844,T/cell25/real4,0.009873061440885067,True,True,True
T,2,2,6,True,0.028187373653054237,param_018/real_001.npz,0.03657548502087593,0.03561978042125702,T/cell20/real2,0.019658265635371208,True,True,True
T,2,3,6,True,0.056062597781419754,param_099/real_004.npz,0.02710823342204094,0.04945486783981323,T/cell26/real5,0.010182051919400692,True,True,True
T,2,4,6,True,0.0258877482265234,param_048/real_003.npz,0.02830173633992672,0.04044966399669647,T/cell20/real4,0.009163524024188519,True,True,True
T,2,5,6,True,0.033580485731363297,param_144/real_004.npz,0.027100926265120506,0.05376743897795677,T/cell19/real5,0.019658265635371208,True,True,True
T,3,1,6,True,0.05455545708537102,param_099/real_004.npz,0.039370097219944,0.9999999403953552,T/cell5/real1,0.04861743375658989,False,True,False
T,3,2,6,True,0.049221910536289215,param_036/real_002.npz,0.04117165133357048,0.9999995231628418,T/cell4/real2,0.01575295627117157,False,True,False
T,3,3,6,True,0.05742157995700836,param_090/real_001.npz,0.06382177770137787,1.0,T/cell5/real3,0.04611067473888397,False,True,False
T,3,4,6,True,0.08104750514030457,param_150/real_003.npz,0.07298316806554794,1.0000001192092896,T/cell4/real4,0.04611067473888397,False,True,False
T,3,5,6,True,0.06102636456489563,param_126/real_005.npz,0.10274103283882141,0.999999463558197,T/cell5/real5,0.04861743375658989,False,True,False
T,4,1,6,True,0.05455591529607773,param_099/real_004.npz,0.0393705852329731,1.000000238418579,T/cell5/real1,0.048617079854011536,False,True,False
T,4,2,6,True,0.049222636967897415,param_036/real_002.npz,0.04117143899202347,0.9999995231628418,T/cell3/real2,0.01575230434536934,False,True,False
T,4,3,6,True,0.057423610240221024,param_090/real_001.npz,0.06381966173648834,1.000000238418579,T/cell5/real3,0.046110477298498154,False,True,False
T,4,4,6,True,0.08104706555604935,param_150/real_003.npz,0.07298378646373749,1.0000001192092896,T/cell3/real4,0.046110477298498154,False,True,False
T,4,5,6,True,0.06102839484810829,param_126/real_005.npz,0.10274010896682739,0.9999998211860657,T/cell5/real5,0.048617079854011536,False,True,False
T,5,1,6,True,0.054555997252464294,param_099/real_004.npz,0.03937084227800369,1.000000238418579,T/cell4/real1,0.04861634597182274,False,True,False
T,5,2,6,True,0.04922236129641533,param_036/real_002.npz,0.04117165878415108,0.9999995231628418,T/cell4/real2,0.01575232297182083,False,True,False
T,5,3,6,True,0.05742295831441879,param_090/real_001.npz,0.06381962448358536,1.000000238418579,T/cell4/real3,0.04610895365476608,False,True,False
T,5,4,6,True,0.0810474380850792,param_150/real_003.npz,0.07298380881547928,0.9999998807907104,T/cell3/real4,0.04610895365476608,False,True,False
T,5,5,6,True,0.06102783605456352,param_126/real_005.npz,0.10273991525173187,0.9999998211860657,T/cell4/real5,0.04861634597182274,False,True,False
T,6,1,6,True,0.04940129071474075,param_099/real_004.npz,0.07594393938779831,0.05772283300757408,T/cell16/real3,0.026801852509379387,True,True,True
T,6,2,6,True,0.04627394676208496,param_144/real_003.npz,0.05765768140554428,0.06433749943971634,T/cell20/real2,0.040861357003450394,True,True,True
T,6,3,6,True,0.06644363701343536,param_144/real_004.npz,0.03609249368309975,0.09198939055204391,T/cell23/real3,0.0421159453690052,True,True,True
T,6,4,6,True,0.06593012809753418,param_102/real_003.npz,0.05062660574913025,0.08155712485313416,T/cell19/real2,0.0421159453690052,True,True,True
T,6,5,6,True,0.04674442484974861,param_138/real_004.npz,0.050283562391996384,0.08435053378343582,T/cell24/real3,0.040861357003450394,True,True,True
T,7,1,6,True,0.07033181190490723,param_096/real_002.npz,0.04367396980524063,0.08935660868883133,T/cell12/real5,0.014789721928536892,True,True,True
T,7,2,6,True,0.06930433958768845,param_144/real_004.npz,0.08257988840341568,0.0787758082151413,T/cell25/real2,0.013735386542975903,True,True,True
T,7,3,6,True,0.08994641900062561,param_150/real_005.npz,0.06619994342327118,0.11978628486394882,T/cell25/real3,0.01454632543027401,True,True,True
T,7,4,6,True,0.03909136727452278,param_042/real_004.npz,0.04135175049304962,0.07743562012910843,T/cell13/real1,0.022268736734986305,True,True,True
T,7,5,6,True,0.051173243671655655,param_090/real_005.npz,0.07311923056840897,0.07272209972143173,T/cell20/real1,0.022268736734986305,True,True,True
T,8,1,6,True,0.0705859512090683,param_126/real_001.npz,0.03948776051402092,0.09626827389001846,T/cell24/real1,0.02381293475627899,True,True,True
T,8,2,6,True,0.04972536489367485,param_144/real_004.npz,0.0502498485147953,0.0743117704987526,T/cell25/real5,0.04470013082027435,True,True,True
T,8,3,6,True,0.08158250898122787,param_042/real_004.npz,0.04792645573616028,0.06748037040233612,T/cell16/real2,0.04470013082027435,True,True,True
T,8,4,6,True,0.05240602791309357,param_042/real_005.npz,0.07881490141153336,0.07792402803897858,T/cell14/real1,0.034270524978637695,True,True,True
T,8,5,6,True,0.07473230361938477,param_090/real_004.npz,0.06557495146989822,0.07199011743068695,T/cell26/real4,0.025280781090259552,True,True,True
T,9,1,6,True,0.07273311913013458,param_099/real_004.npz,0.04209887981414795,0.9999996423721313,T/cell10/real1,0.06808128952980042,False,True,False
T,9,2,6,True,0.07716202735900879,param_036/real_002.npz,0.04232749342918396,0.9999992251396179,T/cell10/real2,0.04503678157925606,False,True,False
T,9,3,6,True,0.052252836525440216,param_090/real_001.npz,0.07214806228876114,1.0000001192092896,T/cell10/real3,0.04503678157925606,False,True,False
T,9,4,6,True,0.08545657992362976,param_144/real_003.npz,0.10608379542827606,0.9999997615814209,T/cell10/real4,0.04351121559739113,False,True,False
T,9,5,6,True,0.054496146738529205,param_090/real_005.npz,0.11091037839651108,0.9999989867210388,T/cell10/real5,0.06808128952980042,False,True,False
T,10,1,5,True,0.07273400574922562,param_099/real_004.npz,0.042098015546798706,0.9999996423721313,T/cell9/real1,0.06808198988437653,False,True,False
T,10,2,6,True,0.0771617516875267,param_036/real_002.npz,0.04232707992196083,0.9999992251396179,T/cell9/real2,0.04503673315048218,False,True,False
T,10,3,6,True,0.05225258693099022,param_090/real_001.npz,0.07214803993701935,1.0000001192092896,T/cell9/real3,0.04503673315048218,False,True,False
T,10,4,6,True,0.0854584351181984,param_144/real_003.npz,0.10608383268117905,0.9999997615814209,T/cell9/real4,0.043513111770153046,False,True,False
T,10,5,6,True,0.05449632555246353,param_090/real_005.npz,0.11091013252735138,0.9999989867210388,T/cell9/real5,0.06808198988437653,False,True,False
T,11,1,6,True,0.07608457654714584,param_042/real_004.npz,0.07574043422937393,0.07568629086017609,T/cell22/real5,0.0646672248840332,True,True,True
T,11,2,6,True,0.0873706191778183,param_036/real_002.npz,0.06942560523748398,0.10572714358568192,T/cell21/real4,0.031951941549777985,True,True,True
T,11,3,6,True,0.03747541457414627,param_018/real_001.npz,0.07019293308258057,0.12081342935562134,T/cell23/real5,0.0646672248840332,True,True,True
T,11,4,6,True,0.07566305994987488,param_036/real_003.npz,0.06397059559822083,0.07243075221776962,T/cell20/real1,0.02555258944630623,True,True,True
T,11,5,6,True,0.08905843645334244,param_099/real_004.npz,0.05246288701891899,0.061201613396406174,T/cell26/real5,0.02973511442542076,True,True,True
T,12,1,6,True,0.08330704271793365,param_099/real_004.npz,0.048618853092193604,0.9999995827674866,P/cell13/real1,0.06370043754577637,False,True,False
T,12,2,6,True,0.07846341282129288,param_036/real_002.npz,0.05793881043791771,0.9999991059303284,P/cell13/real2,0.035797324031591415,False,True,False
T,12,3,6,True,0.10113685578107834,param_090/real_001.npz,0.0778394564986229,0.9688679575920105,T/cell17/real3,0.058540087193250656,False,True,False
T,12,4,6,True,0.08690068125724792,param_150/real_003.npz,0.1000664234161377,0.9688109755516052,T/cell17/real4,0.058540087193250656,False,True,False
T,12,5,6,True,0.07208690047264099,param_144/real_005.npz,0.1469656527042389,0.9684774875640869,T/cell17/real5,0.06370043754577637,False,True,False
T,13,1,6,True,0.0638090968132019,param_138/real_003.npz,0.11967508494853973,0.13519012928009033,T/cell24/real1,0.047917935997247696,True,True,True
T,13,2,6,True,0.09398891776800156,param_042/real_004.npz,0.11782445013523102,0.09760019928216934,T/cell21/real3,0.06778102368116379,True,True,True
T,13,3,6,True,0.06388920545578003,param_144/real_004.npz,0.04969797283411026,0.12408478558063507,T/cell26/real2,0.09644946455955505,True,True,True
T,13,4,6,True,0.11259394884109497,param_144/real_005.npz,0.08958957344293594,0.1086331382393837,T/cell26/real2,0.09644946455955505,True,False,False
T,13,5,6,True,0.05279754847288132,param_099/real_004.npz,0.12435539066791534,0.12603706121444702,T/cell25/real2,0.04306124895811081,True,True,True
T,14,1,6,True,0.07293158024549484,param_099/real_004.npz,0.10137024521827698,0.09363983571529388,T/cell25/real2,0.11919432133436203,True,True,True
T,14,2,6,True,0.14066468179225922,param_090/real_002.npz,0.05591752007603645,0.12311679124832153,T/cell20/real2,0.06559658795595169,True,False,False
T,14,3,6,True,0.08769580721855164,param_138/real_004.npz,0.08278191089630127,0.11997156590223312,T/cell26/real5,0.07659181207418442,True,True,True
T,14,4,6,True,0.09878085553646088,param_048/real_002.npz,0.10805866867303848,0.10719957202672958,T/cell22/real3,0.05309179052710533,True,True,True
T,14,5,6,True,0.09664841741323471,param_036/real_003.npz,0.0857010930776596,0.14589960873126984,T/cell21/real5,0.11919432133436203,True,True,True
T,15,1,6,True,0.08133088797330856,param_090/real_003.npz,0.11984756588935852,0.11112368106842041,T/cell21/real5,0.08604760468006134,True,True,True
T,15,2,6,True,0.08901394158601761,param_078/real_003.npz,0.11173823475837708,0.1155722364783287,T/cell21/real5,0.08604760468006134,True,True,True
T,15,3,6,True,0.07307714968919754,param_150/real_001.npz,0.05429906025528908,0.13011819124221802,T/cell23/real2,0.08466770499944687,True,True,True
T,15,4,6,True,0.10196234285831451,param_036/real_003.npz,0.10116368532180786,0.11078456044197083,T/cell26/real2,0.04617480933666229,True,True,True
T,15,5,6,True,0.05733253434300423,param_042/real_003.npz,0.07002291828393936,0.11828597635030746,T/cell16/real2,0.03189527988433838,True,True,True
T,16,1,6,True,0.06806926429271698,param_099/real_004.npz,0.11969009786844254,0.14608822762966156,T/cell24/real5,0.08166231215000153,True,True,True
T,16,2,6,True,0.11611901223659515,param_144/real_005.npz,0.08169613778591156,0.11828597635030746,T/cell15/real5,0.08166231215000153,True,False,False
T,16,3,6,True,0.09860069304704666,param_144/real_002.npz,0.07200422883033752,0.12419544160366058,T/cell21/real4,0.06916952133178711,True,True,True
T,16,4,6,True,0.06910063326358795,param_156/real_004.npz,0.05283867567777634,0.10818901658058167,T/cell20/real3,0.07180757820606232,True,True,True
T,16,5,6,True,0.09625500440597534,param_150/real_003.npz,0.08715160191059113,0.10939086973667145,T/cell24/real1,0.05951394513249397,True,True,True
T,17,1,6,True,0.08035383373498917,param_099/real_004.npz,0.05246490612626076,0.9687461853027344,P/cell13/real1,0.06056695803999901,False,True,False
T,17,2,6,True,0.07664182037115097,param_036/real_002.npz,0.05869578197598457,0.9697957634925842,P/cell13/real2,0.041278015822172165,False,True,False
T,17,3,6,True,0.1057131439447403,param_090/real_001.npz,0.07991516590118408,0.9688679575920105,T/cell12/real3,0.054350122809410095,False,True,False
T,17,4,6,True,0.09145677834749222,param_144/real_004.npz,0.08963215351104736,0.9688109755516052,T/cell12/real4,0.054350122809410095,False,True,False
T,17,5,6,True,0.07423041760921478,param_090/real_005.npz,0.13626475632190704,0.9684774875640869,T/cell12/real5,0.06056695803999901,False,True,False
T,18,1,6,True,0.13278672099113464,param_099/real_004.npz,0.08777390420436859,1.0000003576278687,T/cell19/real1,0.09218801558017731,False,False,False
T,18,2,6,True,0.1383071094751358,param_036/real_002.npz,0.04981616139411926,0.9999997019767761,T/cell19/real2,0.11786004155874252,False,False,False
T,18,3,6,True,0.12891803681850433,param_090/real_001.npz,0.07894353568553925,1.0,T/cell19/real3,0.11786004155874252,False,False,False
T,18,4,6,True,0.15909934043884277,param_042/real_004.npz,0.09912889450788498,0.9999997019767761,T/cell19/real4,0.05774145573377609,False,False,False
T,18,5,6,True,0.09385979175567627,param_042/real_002.npz,0.07032120227813721,0.9999998211860657,T/cell19/real5,0.09218801558017731,False,True,False
T,19,1,6,True,0.13278484344482422,param_099/real_004.npz,0.08777318149805069,1.0000003576278687,T/cell18/real1,0.09218848496675491,False,False,False
T,19,2,6,True,0.13830679655075073,param_036/real_002.npz,0.04981567710638046,0.9999997019767761,T/cell18/real2,0.11786139011383057,False,False,False
T,19,3,6,True,0.12891869246959686,param_090/real_001.npz,0.07894416898488998,1.0,T/cell18/real3,0.11786139011383057,False,False,False
T,19,4,6,True,0.15909798443317413,param_042/real_004.npz,0.09912852942943573,0.9999997019767761,T/cell18/real4,0.05774344131350517,False,False,False
T,19,5,6,True,0.09385907649993896,param_042/real_002.npz,0.07032166421413422,0.9999998211860657,T/cell18/real5,0.09218848496675491,False,True,False
T,20,1,6,True,0.08621323853731155,param_084/real_005.npz,0.10331165790557861,0.1272529512643814,T/cell25/real4,0.1733330637216568,True,True,True
T,20,2,6,True,0.13914932310581207,param_144/real_003.npz,0.21348066627979279,0.1452084630727768,T/cell25/real3,0.12480899691581726,True,False,False
T,20,3,6,True,0.11609519273042679,param_036/real_002.npz,0.136076420545578,0.1183779314160347,T/cell16/real3,0.1733330637216568,True,False,False
T,20,4,6,True,0.08856925368309021,param_150/real_002.npz,0.10493573546409607,0.12071258574724197,T/cell25/real2,0.15364962816238403,True,True,True
T,20,5,6,True,0.08680441230535507,param_024/real_005.npz,0.15697525441646576,0.12377941608428955,T/cell26/real3,0.12480899691581726,True,True,True
T,21,1,6,True,0.16980351507663727,param_144/real_003.npz,0.10546790808439255,0.22335734963417053,T/cell25/real3,0.09255727380514145,True,False,False
T,21,2,6,True,0.19879582524299622,param_090/real_004.npz,0.11902495473623276,0.1758800446987152,T/cell25/real2,0.04662878438830376,True,False,False
T,21,3,6,True,0.13600853085517883,param_150/real_002.npz,0.08311793953180313,0.13848215341567993,T/cell25/real1,0.052639443427324295,True,False,False
T,21,4,6,True,0.15109027922153473,param_096/real_002.npz,0.2101098597049713,0.18300122022628784,T/cell24/real5,0.09052532911300659,True,False,False
T,21,5,6,True,0.1287856251001358,param_099/real_004.npz,0.15426979959011078,0.18449512124061584,T/cell25/real2,0.09255727380514145,True,False,False
T,22,2,6,True,0.1267620027065277,param_048/real_002.npz,0.07988401502370834,0.9999999403953552,T/cell23/real2,0.06830500811338425,False,False,False
T,22,3,6,True,0.15172500908374786,param_144/real_001.npz,0.11486122012138367,1.0000003576278687,T/cell23/real3,0.05960746482014656,False,False,False
T,22,4,6,True,0.14944659173488617,param_144/real_004.npz,0.06476949155330658,0.9999999403953552,T/cell23/real4,0.07588433474302292,False,False,False
T,22,5,6,True,0.10075806081295013,param_042/real_002.npz,0.08929742127656937,0.9999997615814209,T/cell23/real5,0.10440877079963684,False,True,False
T,22,1,5,True,0.11972332000732422,param_099/real_004.npz,0.07039457559585571,1.0,T/cell23/real1,0.10440877079963684,False,False,False
T,23,1,6,True,0.11972278356552124,param_099/real_004.npz,0.07039467990398407,1.0,T/cell22/real1,0.1044095978140831,False,False,False
T,23,2,6,True,0.12676233053207397,param_048/real_002.npz,0.07988405227661133,0.9999999403953552,T/cell22/real2,0.06830526888370514,False,False,False
T,23,3,6,True,0.1517251431941986,param_144/real_001.npz,0.11486157029867172,1.0000003576278687,T/cell22/real3,0.059607986360788345,False,False,False
T,23,4,6,True,0.14944620430469513,param_156/real_004.npz,0.06476953625679016,0.9999999403953552,T/cell22/real4,0.07588432729244232,False,False,False
T,23,5,5,True,0.10075807571411133,param_042/real_002.npz,0.08929859101772308,0.9999997615814209,T/cell22/real5,0.1044095978140831,False,True,False
T,24,1,6,True,0.12076543271541595,param_144/real_004.npz,0.1210700124502182,0.13519012928009033,T/cell13/real1,0.07205957174301147,True,False,False
T,24,2,6,True,0.14406657218933105,param_102/real_001.npz,0.1874842643737793,0.15895980596542358,T/cell23/real5,0.10659749060869217,True,False,False
T,24,3,6,True,0.20344431698322296,param_036/real_003.npz,0.12044065445661545,0.12351204454898834,T/cell16/real1,0.13982872664928436,True,False,False
T,24,4,6,True,0.10240262746810913,param_144/real_005.npz,0.12128883600234985,0.1455502212047577,T/cell21/real5,0.13982872664928436,True,True,True
T,24,5,6,True,0.12935273349285126,param_099/real_004.npz,0.23443955183029175,0.18300122022628784,T/cell21/real4,0.11229638755321503,True,False,False
T,25,1,5,True,0.10888824611902237,param_099/real_004.npz,0.14576885104179382,0.15565328299999237,T/cell23/real4,0.07843975722789764,True,True,True
T,25,2,6,True,0.12961207330226898,param_156/real_004.npz,0.10076285153627396,0.18449512124061584,T/cell21/real5,0.050714969635009766,True,False,False
T,25,3,6,True,0.1084403395652771,param_144/real_002.npz,0.1700865924358368,0.22335734963417053,T/cell21/real1,0.1067279502749443,True,True,True
T,25,4,6,True,0.11126227676868439,param_150/real_003.npz,0.12449188530445099,0.20393815636634827,T/cell26/real5,0.1067279502749443,True,True,True
T,25,5,6,True,0.09616377204656601,param_042/real_005.npz,0.10226757824420929,0.12374607473611832,T/cell24/real5,0.050714969635009766,True,True,True
T,26,1,6,True,0.08128529787063599,param_042/real_004.npz,0.09744247049093246,0.1607494354248047,T/cell21/real1,0.09423157572746277,True,True,True
T,26,2,6,True,0.09786403924226761,param_150/real_001.npz,0.15048207342624664,0.16414617002010345,T/cell21/real5,0.06677394360303879,True,True,True
T,26,3,6,True,0.09459983557462692,param_099/real_004.npz,0.12737907469272614,0.15281374752521515,T/cell21/real4,0.09423157572746277,True,True,True
T,26,4,6,True,0.12737053632736206,param_042/real_001.npz,0.12597550451755524,0.12010078877210617,T/cell24/real3,0.084526926279068,True,False,False
T,26,5,6,True,0.18152837455272675,param_099/real_004.npz,0.1590421050786972,0.20393815636634827,T/cell25/real4,0.04108631610870361,True,False,False
