param_folder,realization,global_ssim,plume_ssim,n_plume_eligible_timesteps,ice_per_timestep,concentration_mae,concentration_mse
param_20000,real_001,0.8136727857896858,0.3866338096959936,25,2837.802650756836,0.01929190661699977,0.012920170784345828
param_20000,real_002,0.8161028262834794,0.35610970259503594,25,3446.586886138916,0.017110904596047475,0.01232264854334062
param_20000,real_003,0.8318307377557603,0.4220984780180684,25,2887.4055383300783,0.017160920127062128,0.012736790334456601
param_20000,real_004,0.8086144260364726,0.3607807538630981,25,2636.541587524414,0.020685400622896852,0.014656954208912793
param_20000,real_005,0.8506146693534743,0.3828389505863614,25,1191.9399447631836,0.020500407181680204,0.015472635932674166
param_20001,real_001,0.8128993555482534,0.4028694740288975,25,2854.598516693115,0.019056735360063613,0.012288055696117225
param_20001,real_002,0.8113360123415775,0.36788275822918837,25,3450.6374130249023,0.017024727264069953,0.011968344085616991
param_20001,real_003,0.8335114990980662,0.436400243762842,25,2665.907229309082,0.01731040917453356,0.012739178357587661
param_20001,real_004,0.8068055306883245,0.3759201663845365,25,2517.0568843078613,0.02113031236687675,0.014408221908961422
param_20001,real_005,0.8487721315966975,0.395488399345384,25,1001.3479187011719,0.021446326557779685,0.01584887483593775
param_20002,real_001,0.8078131099439334,0.4171345970263556,25,2748.2112760925293,0.019441249858937228,0.012135391009651357
param_20002,real_002,0.8061394593806942,0.38561636512689546,25,3408.444348754883,0.017141348701552487,0.011641847694991157
param_20002,real_003,0.8281881969645032,0.4557280401412546,25,2641.6054753112794,0.0173372324364027,0.012340713893936482
param_20002,real_004,0.8005768430494012,0.38778861890623806,25,2437.393188018799,0.021423112690099513,0.014319657048181398
param_20002,real_005,0.8469235646945305,0.4111846814312821,25,993.3978854370117,0.021259572340641172,0.015548339154483982
param_20003,real_001,0.7991505442281404,0.48283594682380027,25,2210.6999337768557,0.02100939209864009,0.010876435392274288
param_20003,real_002,0.7989295017631377,0.4593770770465086,25,2707.148338317871,0.018486061724252066,0.010167911299067783
param_20003,real_003,0.8128851697165353,0.4847151584361533,25,2001.3168876647949,0.019499249046784826,0.01122777614829829
param_20003,real_004,0.7791205395302234,0.45485317197219205,25,1755.8044651794435,0.02391228091844823,0.013007834430609364
param_20003,real_005,0.8238976473667594,0.4614493417109127,25,1360.7768682861329,0.024693326072301715,0.013676071346417303
param_20004,real_001,0.795240495010299,0.574090173651063,25,1833.9896235656738,0.020536458870628847,0.008209047705458944
param_20004,real_002,0.7874185662798555,0.5408032322610827,25,2632.96874710083,0.01799787928815931,0.008017494162195361
param_20004,real_003,0.8080431720400536,0.581133231844919,25,2032.0385942077637,0.017699431952787562,0.008070419933865196
param_20004,real_004,0.776035987342807,0.5566509750992313,25,1704.3058871459962,0.022727733356878162,0.009772381638249499
param_20004,real_005,0.8354558989240489,0.6042827368847954,25,1259.8388227844239,0.019864984747837298,0.0073258665099274365
param_20005,real_001,0.7881716236509304,0.6615260703217862,25,1491.7592413330078,0.02451621391926892,0.006446657621490885
param_20005,real_002,0.7905955131987942,0.6679441255518783,25,1512.4222888183594,0.023797888199333102,0.006025793258595513
param_20005,real_003,0.7925145584177221,0.6512839781453629,25,1684.8954817199708,0.024190300502232275,0.006715278721894719
param_20005,real_004,0.7492856035119947,0.6384837202363209,25,1795.6900975036622,0.02964510791876819,0.008227086843835423
param_20005,real_005,0.8117501615201804,0.6954616965568747,25,1970.6239448547362,0.025495292079867796,0.006343097943608882
param_20006,real_001,0.829327991644476,0.49462283283152236,25,1617.0310383605956,0.018808267117128706,0.011938905022398104
param_20006,real_002,0.8187655959067679,0.49294690448693357,25,2668.4485636901854,0.016200841459212825,0.010654437718621922
param_20006,real_003,0.8070406907626562,0.45624519942130676,25,2758.080386199951,0.017556295927497557,0.011717122426489368
param_20006,real_004,0.7696538572065498,0.43386709307605575,25,2845.465885772705,0.019114550505764782,0.011979635322932154
param_20006,real_005,0.7857912709037269,0.4166139451503142,25,3071.5745544433594,0.018558739716536366,0.012438337281346322
param_20007,real_001,0.8329806807444126,0.506615362107683,25,1658.8611526489258,0.018536385454353876,0.011487495467590633
param_20007,real_002,0.8230528504467968,0.5037766336112428,25,2582.9863066101075,0.016080377189209686,0.010334520500036888
param_20007,real_003,0.8132305043443874,0.46762804346223463,25,2600.4307662963865,0.017736976720625533,0.011547487257048487
param_20007,real_004,0.7745422835134096,0.45331843551641077,25,2894.0419425964355,0.01855143207067158,0.01128704773116624
param_20007,real_005,0.7852748079141434,0.42437778518581437,25,3007.051803588867,0.018745828668470493,0.012254701704951004
param_20008,real_001,0.8306584678404241,0.5286491799165653,25,1579.2887619018554,0.018620048035518266,0.011253917882277165
param_20008,real_002,0.8209796339017867,0.5208098658546395,25,2537.876770477295,0.016047745125833898,0.010002909600007114
param_20008,real_003,0.8084430746536614,0.4762027298835806,25,2576.223765106201,0.017701231266837567,0.011134928973915522
param_20008,real_004,0.7684815340034298,0.46682774773222596,25,2839.333034210205,0.01873549250594806,0.011031577488756739
param_20008,real_005,0.7808511071466987,0.44329760870236096,25,2954.173695220947,0.01891526905761566,0.011978408868744737
param_20009,real_001,0.8409754678361496,0.5725315743884295,25,1597.9325451660156,0.019049039551755412,0.010381145972496597
param_20009,real_002,0.8409704968286905,0.5416129469611546,25,2075.133536834717,0.016221297195297666,0.009042383017222164
param_20009,real_003,0.8223291267532657,0.5183154797555258,25,1931.7806910705567,0.01837537355837412,0.010158167081535795
param_20009,real_004,0.7886537995478758,0.5357344147198275,25,2291.573635864258,0.018713549250969665,0.009368586760974722
param_20009,real_005,0.7719112464533029,0.45918989368446084,25,2206.005664215088,0.021351824496523477,0.011470058003033046
param_20010,real_001,0.8446129728501905,0.6746127694131507,25,1210.9220875549317,0.01806436638988089,0.007171253781270934
param_20010,real_002,0.8366585687894428,0.6444986364471329,25,1846.2515823364258,0.015602782531641424,0.006809459935466293
param_20010,real_003,0.8087023259483566,0.6009587036625493,25,1896.7051383972168,0.016901226709014738,0.007135983069383655
param_20010,real_004,0.7772111158067164,0.6163739297003196,25,1896.7439530944823,0.018565354860620574,0.007153698652327876
param_20010,real_005,0.750390646285003,0.546308145475844,25,1919.7452235412597,0.02166797000390943,0.009309052759126643
param_20011,real_001,0.8526255128900904,0.7244565841961333,25,1255.9553688049316,0.019352907582651825,0.006086812113717315
param_20011,real_002,0.8615737355968904,0.7162341387246645,25,1150.97308303833,0.0169059600221226,0.005039118879722082
param_20011,real_003,0.8322184952478636,0.6782060112888461,25,1502.9066104125977,0.020760800057905725,0.005858245167983114
param_20011,real_004,0.7905911056769338,0.677057452852517,25,2861.36397277832,0.028418917597155088,0.024699724860402058
param_20011,real_005,0.7565571823946214,0.591977352117882,25,1921.5208401489258,0.027656349366880023,0.00790011043798586
param_20012,real_001,0.7381099760851063,0.42453439174526764,25,1770.139644165039,0.027181771690957247,0.01662276201939676
param_20012,real_002,0.7559248428749155,0.43741722872041117,25,1613.540637359619,0.02094924791774247,0.012657644914870616
param_20012,real_003,0.7576320167163877,0.432786237064465,25,2354.509309387207,0.02044197901035659,0.012616338029620238
param_20012,real_004,0.7847793751562762,0.4448890244626964,25,2001.8515280151366,0.02079446164716501,0.013808773304044735
param_20012,real_005,0.6956074809912416,0.3667590997055264,25,1690.885941772461,0.03099894183455035,0.02085266188660171
param_20013,real_001,0.7443528321927231,0.43531611956408434,25,1675.0281677246094,0.026749484439496884,0.015938533204316627
param_20013,real_002,0.7657831854227944,0.44671618969314475,25,1350.4670654296874,0.02117752229969483,0.012703139080258552
param_20013,real_003,0.7641962542663434,0.4468630534101859,25,2402.768111114502,0.02006020686822012,0.012010883512557484
param_20013,real_004,0.791027788871636,0.4490685444058912,25,2135.429023590088,0.02014918463130016,0.012922766801493709
param_20013,real_005,0.6954798174813084,0.37091476987879546,25,1510.585654296875,0.030680488233920188,0.019533681519096718
param_20014,real_001,0.7401647547774839,0.4476743538045687,25,1674.360576324463,0.027021852553007195,0.015554940702422755
param_20014,real_002,0.7629579452516637,0.46124694165813174,25,1335.4232469177246,0.02122759537654929,0.012294906002061907
param_20014,real_003,0.7615455107396459,0.45523888489407793,25,2343.186597290039,0.02015368010150269,0.01173785695238621
param_20014,real_004,0.7861403808009372,0.46601549897950983,25,2096.7133143615724,0.02015855429053772,0.012549642825761112
param_20014,real_005,0.688072500296174,0.37601278575093433,25,1553.607275390625,0.031194604407064615,0.019616983576561324
param_20015,real_001,0.750653657274845,0.47489912960290154,25,1522.7414260864257,0.027010038931039163,0.014155820881424006
param_20015,real_002,0.774272857678402,0.4765859610160832,25,1126.42671875,0.02158329236030113,0.011643587858125103
param_20015,real_003,0.7713143985199966,0.464091423265602,25,2049.7917027282715,0.02061845955613535,0.010618786582926986
param_20015,real_004,0.8004322688687192,0.4870144549145934,25,2304.4899726867675,0.01868782098405063,0.010188836197921774
param_20015,real_005,0.6804942573347682,0.3897428823262388,25,1315.0642552185059,0.031629729809355925,0.01705794390916708
param_20016,real_001,0.7503310027512982,0.5774637591968159,25,1429.793341217041,0.02548024129238911,0.009545997486275154
param_20016,real_002,0.7815194870814023,0.5932191266876986,25,1025.090273742676,0.020003552259877325,0.007913518059649505
param_20016,real_003,0.7797363414806585,0.6096688601384197,25,2157.3299423217773,0.021006090741138905,0.008369713878419133
param_20016,real_004,0.7928413809228778,0.594315988947542,25,2084.170594482422,0.01805436122987885,0.0075772137873718745
param_20016,real_005,0.6930813243681296,0.510867100396336,25,1016.4203820800781,0.029875853615812957,0.012294912566576386
param_20017,real_001,0.7501959855274548,0.6074239394334922,25,1829.231637573242,0.02684974044037517,0.007865955981105798
param_20017,real_002,0.7852281897929619,0.6215744045891725,25,1271.6723956298829,0.02314808786730282,0.007091191875806544
param_20017,real_003,0.7763342796589424,0.623239544840976,25,1519.923443145752,0.02381513817701489,0.006737121226033196
param_20017,real_004,0.8187262872715562,0.6683676114360896,25,1287.584031677246,0.019474511457956395,0.005943663902799017
param_20017,real_005,0.6906558693618308,0.5516195104145781,25,1842.3358483886718,0.03399192364769988,0.010363974786378094
param_20018,real_001,0.825177550977631,0.39385956723306154,25,2989.5091256713868,0.01686437249125447,0.01108391447138274
param_20018,real_002,0.8622451696155415,0.44530572563160675,25,2921.846544647217,0.013653673959197477,0.00950313919573091
param_20018,real_003,0.8221228414050362,0.4137420959373783,25,3102.5533070373535,0.0181633168598637,0.012765648301574402
param_20018,real_004,0.81515907082339,0.4038110814666197,25,1851.6704092407226,0.01879970886046067,0.01176974042202346
param_20018,real_005,0.8089138060841081,0.33593658967114526,25,3478.3240629577635,0.016945194737636483,0.012187615799193736
param_20019,real_001,0.8218829548687175,0.41651674978906233,25,2871.908560028076,0.017192881398368626,0.01089009785442613
param_20019,real_002,0.8659985627110846,0.4679883253189927,25,2811.3530271911623,0.013665561561938376,0.009295241904037538
param_20019,real_003,0.8176802634066243,0.4307233686823968,25,3022.3432209777834,0.0187200748588657,0.012742697083158418
param_20019,real_004,0.8164445733023682,0.43142160417470055,25,1796.345401763916,0.01883190096297767,0.011283734533935785
param_20019,real_005,0.805456638387561,0.35861592583471846,25,3385.588687438965,0.01696927907411009,0.011707883683266118
param_20020,real_001,0.818412618391924,0.43262979234656923,25,2794.9047845458986,0.017333245411282405,0.010585107325314312
param_20020,real_002,0.8647441826953977,0.4970961426071378,25,2715.7504969787597,0.013417795594432392,0.00881412621543859
param_20020,real_003,0.8147511477687398,0.4446740010598323,25,2975.080200805664,0.018773214757093228,0.012385902456153418
param_20020,real_004,0.8117121165243537,0.4444749396502473,25,1732.1144442749023,0.019090758235543036,0.011116805417550495
param_20021,real_001,0.796553887573268,0.5011250385249449,25,2146.9322608947755,0.020439912218716928,0.010284014157223282
param_20021,real_002,0.8678196597671652,0.5464768223716152,25,2207.844677581787,0.014129017721279525,0.007984443451714469
param_20021,real_003,0.8014822572183371,0.5069721954971719,25,2438.3678802490235,0.020319425498018972,0.011241513377754017
param_20021,real_004,0.8108575369890141,0.5146691259239857,25,1571.1899916076661,0.0211967239913065,0.010217381575494074
param_20021,real_005,0.7951185063753177,0.44846667771241655,25,2564.196304626465,0.01806696403946262,0.009344586747756694
param_20022,real_001,0.8007792859846938,0.5931632700973342,25,1653.1908543395996,0.01883246262266766,0.007160065255084192
param_20022,real_002,0.85620368015011,0.6447420083765577,25,1850.119882659912,0.012887086280970834,0.005592501145874848
param_20022,real_003,0.7908468706194199,0.5740782918235718,25,1941.6176789855956,0.02041560849174857,0.008944554973277263
param_20022,real_004,0.805393891344303,0.6145547579158954,25,1154.9703790283204,0.01918314703507349,0.006797517208760837
param_20022,real_005,0.7920760376630481,0.5558469591412796,25,2508.9531440734863,0.01732616799476091,0.0073728038029366874
param_20023,real_001,0.7881373161738233,0.6804713344666311,25,1749.6630883789062,0.025107863109442404,0.006498041423183168
param_20023,real_002,0.8796426577964658,0.7554839705420054,25,1283.0191731262207,0.015478350357152521,0.004023065424189553
param_20023,real_003,0.7950330453392043,0.6789748137430105,25,1646.7748371887208,0.02348058589384891,0.006579356865186128
param_20023,real_004,0.8023778467942868,0.683495751946351,25,1606.1501950073243,0.02349443517043255,0.005921317118627485
param_20023,real_005,0.8013700085964706,0.6655224521001182,25,1615.0788354492188,0.024290985480765814,0.005710800597007619
param_20024,real_001,0.7716373380057661,0.3964767809114057,25,1139.0930932617186,0.025352525025373326,0.019506998902652412
param_20024,real_002,0.8060341205120461,0.47407072243320486,25,2705.5623348999025,0.014820242187124678,0.009242267640074716
param_20024,real_003,0.7680020111888979,0.42011708542020804,25,2667.9279428100585,0.018919111221912317,0.012779519108880777
param_20024,real_004,0.7785059890024371,0.45088027674444314,25,1383.4203060913087,0.020486277624731885,0.010306822222773918
param_20024,real_005,0.7749114701022991,0.36913009382092427,25,2535.5942614746095,0.01933947822486516,0.011923562632291577
param_20025,real_001,0.7676046717933837,0.4152094768001882,25,1388.672194671631,0.023633824546122922,0.015033183002960868
param_20025,real_002,0.8161809101150327,0.4978600731298194,25,2588.5419706726075,0.014485242873779497,0.008671614820777905
param_20025,real_003,0.7668172452495027,0.4367541701706741,25,2552.347451324463,0.01972361898806412,0.012703802196774631
param_20025,real_004,0.7785792282126175,0.4698409401829433,25,1407.2561436462402,0.021327552097500303,0.010162867427279707
param_20025,real_005,0.7730960039676711,0.389062534444419,25,2373.3967501831053,0.019359088065102698,0.01114000582630979
param_20026,real_001,0.7658061040530951,0.4268183681314568,25,1299.81265914917,0.023867377417627723,0.015153924640180776
param_20026,real_002,0.8131403242578302,0.5186189298224466,25,2554.1309384155275,0.014417107939952984,0.008362076221237658
param_20026,real_003,0.7642792127685633,0.44642507742944537,25,2525.0996003723144,0.01956845276930835,0.012291130347439321
param_20026,real_004,0.7793540514208037,0.4930283943648026,25,1355.8076527404785,0.02112538619316183,0.009775583931186702
param_20026,real_005,0.7703307383866558,0.4053529120559262,25,2371.312344055176,0.019379078756901435,0.010952328429557383
param_20027,real_001,0.7545977179202034,0.4875926543513951,25,1496.6928787231445,0.02437726333970204,0.011046063160465565
param_20027,real_002,0.8436980319797952,0.5752682594185147,25,1975.8413059997558,0.014438352226861753,0.007086834471701877
param_20027,real_003,0.7600867038616882,0.48938845266472114,25,1877.222728729248,0.022162805857369676,0.011561891060118797
param_20027,real_004,0.7671562954772229,0.5249725054628114,25,1714.7955599975585,0.02507993467093911,0.010194093328173039
param_20027,real_005,0.7726708333456921,0.47496716499410463,25,1827.5860368347169,0.019441210461081937,0.008593948795023607
param_20028,real_001,0.782135330743765,0.615799690773124,25,1385.4641455078124,0.02104058624303434,0.007048299640446203
param_20028,real_002,0.839335356165537,0.683408023045883,25,1800.8437419128418,0.01359870305401273,0.005228670830474584
param_20028,real_003,0.7609219953887211,0.5749471704888306,25,1470.9238877868652,0.021523218619986437,0.008945001473693991
param_20028,real_004,0.7996102264694573,0.6611503205408761,25,1273.791187438965,0.021514649379532784,0.006434976165037369
param_20028,real_005,0.7720197958891748,0.5901409786222518,25,1723.1823628234863,0.019028035147930496,0.007111107411401463
param_20029,real_001,0.7823559427245677,0.6804283299106437,25,2196.739102935791,0.02653901146550197,0.0063581858321413165
param_20029,real_002,0.8763458975093734,0.7751130102019174,25,1211.5858618164064,0.014989156818483024,0.0038718822178634583
param_20029,real_003,0.7793422403313011,0.6531339150611043,25,1814.0186949157714,0.024577919815201313,0.006769187146637705
param_20029,real_004,0.7746675822669319,0.6736268777873406,25,2281.0435598754884,0.027724239042145202,0.006574361150705954
param_20029,real_005,0.8016028944426633,0.6848782937811237,25,1624.2573832702637,0.02299339186050929,0.004915082484294544
param_20030,real_001,0.7536575866808949,0.41903635165721,25,678.8263716125489,0.026273216661065815,0.018854522409965283
param_20030,real_002,0.7893871076305737,0.4830496516431711,25,2570.5091650390623,0.01496001626306679,0.00871502898808103
param_20030,real_003,0.733294190309796,0.4075383978264657,25,2566.0716954040527,0.019269944283296356,0.01276966821285896
param_20030,real_004,0.7684998302988878,0.4878882614390686,25,1436.5483547973633,0.01915787686361,0.008677136239421089
param_20030,real_005,0.7661702714257004,0.3868999757662378,25,2259.9609909057617,0.018648306865943595,0.010561026306531858
param_20031,real_001,0.7467094488819028,0.43746972857284916,25,822.4955036926269,0.025386010010261088,0.015565658331033773
param_20031,real_002,0.7995975213334721,0.5114798627199828,25,2468.5338404846193,0.014327994615305215,0.007874035608547275
param_20031,real_003,0.7317041017686471,0.4236856057893605,25,2384.7394633483887,0.019984282121877184,0.012507358828152064
param_20031,real_005,0.7634504446636323,0.409278807131942,25,2028.0638989257814,0.019037582188029773,0.010056430003605782
param_20032,real_001,0.7472086730183055,0.4471820137800633,25,765.1671206665039,0.02544331723533105,0.015469673385523493
param_20032,real_002,0.7961542239738729,0.5309707442871826,25,2451.2538008117676,0.014336713353986851,0.007690348108735634
param_20032,real_003,0.7289794636101498,0.4307262265839831,25,2349.50163192749,0.019960467332275585,0.012230282698874361
param_20032,real_004,0.7716984344736563,0.532210955858554,25,1037.8907666015625,0.019985181035008282,0.008066023865685565
param_20032,real_005,0.7629323844083572,0.4285477643370411,25,2063.6188204956056,0.01885590956604574,0.009776333611662268
param_20033,real_002,0.8188594663126411,0.5854420807879606,25,1859.900158996582,0.01371171721664723,0.005942161636485252
param_20033,real_003,0.7347429936459733,0.48423989094773817,25,1616.9930511474608,0.022168638248695062,0.011182722451485461
param_20033,real_004,0.7571174663266252,0.5585822623509155,25,1516.4444302368165,0.024514867695397697,0.008797169572499115
param_20033,real_005,0.7619978364334687,0.4999290983207391,25,1412.9337896728516,0.019572357545257546,0.008056925116688944
param_20034,real_001,0.7742965895518534,0.6363585854880932,25,1417.455636138916,0.022665334698976948,0.0069140742802119345
param_20034,real_002,0.8144879436659279,0.682850568581065,25,1607.2896896362304,0.013532559088198469,0.004458315778101678
param_20034,real_003,0.7436177017344571,0.5785039444929192,25,1223.9226585388183,0.02151402476185467,0.008454132709739498
param_20034,real_004,0.8018034456240983,0.6874888448025337,25,1254.6700152587891,0.020790525597403756,0.00514382919507625
param_20034,real_005,0.764830790812876,0.6290542323087203,25,1163.472366027832,0.018951281594927424,0.0061749941044399745
param_20035,real_001,0.7799512138225451,0.685334129014924,25,2532.8562286376955,0.02703288355784025,0.006022294501308352
param_20035,real_002,0.8614284309423981,0.7680482369345215,25,1250.7256811523437,0.014998553513432853,0.0034509233344579117
param_20035,real_003,0.7733271673753406,0.6506216199126368,25,1954.2622827148436,0.025070294940378518,0.00679547859399463
param_20035,real_004,0.7774541594353286,0.6871011187070541,25,2616.750542755127,0.02763942406629212,0.0061246279137412785
param_20035,real_005,0.7982010787498405,0.7011264227253919,25,1772.7859663391114,0.022187842126004397,0.004369817179176607
param_20036,real_001,0.8343092620287409,0.3907643821701442,25,2442.351304779053,0.020460749897756612,0.014459753116825595
param_20036,real_002,0.7940533001403389,0.39026304821445457,25,2772.4977865600586,0.01828943088534288,0.013120687324553728
param_20036,real_003,0.8450926145139216,0.401386104303888,25,1518.2282640075684,0.02043580207042396,0.013700645236531273
param_20036,real_004,0.8243892118913468,0.34920852123148094,25,3187.443330535889,0.018160178150283174,0.012839518881519326
param_20036,real_005,0.8249879079877203,0.40173291261023053,25,829.7788752746582,0.025248454177635722,0.021880725003429687
param_20037,real_001,0.8336829913440752,0.4091818005561912,25,2376.4982232666016,0.020635350993834435,0.014081676021742168
param_20037,real_002,0.7943786253109125,0.4143066753971493,25,2788.641931304932,0.018059584310394713,0.012464269553893246
param_20037,real_003,0.8432897097510872,0.42918369820209634,25,1526.0612905883788,0.020992149651865476,0.013523067575297318
param_20037,real_004,0.8267967812768124,0.3788873789640823,25,3141.13104095459,0.01792882927460596,0.01231375228089746
param_20037,real_005,0.832836478659897,0.4458845023390651,25,716.3778544616699,0.02548750722198747,0.02084428006230155
param_20038,real_001,0.8302864713061847,0.42945824875889277,25,2251.8377645874025,0.021004361201776192,0.013976247953396524
param_20038,real_002,0.789856520787782,0.43283043697039275,25,2678.710758666992,0.018280912575428375,0.01231502526497934
param_20038,real_003,0.8397011853227784,0.44280608243625413,25,1524.9293188476563,0.02125205206219107,0.013532114986737724
param_20038,real_004,0.8216486060937273,0.39137346106029325,25,3091.5769119262695,0.01814292271854356,0.012123890128277708
param_20038,real_005,0.8278391352556834,0.45375243736041265,25,704.596107788086,0.025832045042770913,0.021322972789639606
param_20039,real_001,0.8042059266856079,0.44395498539121475,25,1780.2449295043946,0.02231670779408887,0.012257689896796365
param_20039,real_002,0.7787392731480075,0.4788666011319489,25,1960.5436589050294,0.019729606980108658,0.010688192398665705
param_20039,real_003,0.8323498763151449,0.5087601276354244,25,1611.3143869018554,0.022091143039870077,0.011449526729120408
param_20039,real_004,0.8368125704173067,0.487092995607052,25,2548.256616821289,0.017536307222326287,0.009461875257547945
param_20040,real_001,0.8074433052025017,0.5777554151213811,25,1390.1011726379395,0.0219108392635826,0.009588331453487626
param_20040,real_002,0.7726385353511384,0.5661768433914623,25,2018.924622039795,0.017331690739374607,0.007791189020936145
param_20040,real_003,0.8236262949123605,0.5882027034646172,25,1247.675193786621,0.019717238890589215,0.00791338985960465
param_20040,real_004,0.8124705315795819,0.5639715973602747,25,2462.4111575317384,0.016123814553720875,0.007251885115256301
param_20040,real_005,0.831067477458816,0.610042845772043,25,847.6414862060547,0.02199096046097111,0.009780993214226328
param_20041,real_001,0.7962074357571375,0.6265579375943695,25,1752.4460688781737,0.02478559432551265,0.0069371555739780886
param_20041,real_002,0.7809139949069267,0.6575638099071607,25,2095.3584381103515,0.02547088100516703,0.006351233317400329
param_20041,real_003,0.8345960538007781,0.6886376296440262,25,1523.8180459594726,0.022003815266070887,0.006133641151391203
param_20041,real_004,0.8545837947419976,0.7254271089620219,25,1246.4626385498048,0.019665022239205427,0.004629239846472046
param_20041,real_005,0.8413112450953265,0.7101543908956701,25,1204.5867190551758,0.023160777922603303,0.0066277906874165635
param_20042,real_001,0.7980049339638358,0.45475997331239887,25,1452.2729132080078,0.022892346164444462,0.015924341670470313
param_20042,real_002,0.7537364099434914,0.3545922148224725,25,2886.0683056640623,0.019116414300515316,0.012893244585429784
param_20042,real_003,0.792351255207187,0.44471836195360676,25,2506.613855895996,0.017639313496183605,0.010686510446539614
param_20042,real_004,0.768311116821107,0.3661194196419818,25,1886.2164628601074,0.022893037571338936,0.015798659220163245
param_20042,real_005,0.7699302740962523,0.3686411020502651,25,3254.626347503662,0.01681636116176378,0.011635012546321377
param_20043,real_001,0.7976651631358261,0.47541113596893597,25,1467.317805328369,0.0222896906506503,0.014429905373544898
param_20043,real_002,0.7542131411843461,0.3780625175624789,25,2532.1489714050294,0.020346857929253018,0.01313053378573386
param_20043,real_003,0.7893346209223141,0.4643188381905807,25,2367.607889556885,0.017959922561421992,0.01019614914606791
param_20043,real_004,0.767458126168243,0.38150726664157353,25,1745.8251362609863,0.023350816030870192,0.015319756647513713
param_20043,real_005,0.7776903017572573,0.40120031284937574,25,2910.166900177002,0.01760321273293812,0.011847289994184393
param_20044,real_001,0.7954821988125063,0.48258033776815473,25,1429.5012448120117,0.022503674140316433,0.014310665831144433
param_20044,real_002,0.7531223571870256,0.3935340855762635,25,2621.447413787842,0.019877699591452257,0.01253514207302942
param_20044,real_003,0.7874195360500603,0.4738584918056372,25,2335.120959472656,0.017933786655776204,0.00988163648333284
param_20044,real_004,0.7665495589868057,0.3958454368995332,25,1695.1889317321777,0.023457392259733752,0.015039408839220414
param_20044,real_005,0.7734194213768788,0.4123396555244454,25,2980.69417678833,0.017264369436888957,0.011189257863152306
param_20045,real_001,0.7969398454341268,0.5564230511265287,25,1589.0277983093263,0.022007669380982406,0.010584686344082002
param_20045,real_002,0.7451241433171049,0.4608511240677761,25,1547.1228170776367,0.02314944762387313,0.01156433248281246
param_20045,real_003,0.7760579591847186,0.5204133053436863,25,1845.0131808471679,0.020706709258956835,0.009491593614802696
param_20045,real_004,0.7411837153010197,0.4202594823993007,25,1295.210875854492,0.026052755755372345,0.01418839384932653
param_20045,real_005,0.7858216023812369,0.4752541419800897,25,1824.2327691650391,0.020061447676853278,0.010909972010413185
param_20046,real_001,0.8084997718388952,0.6387293121261869,25,1255.7546463012695,0.020365979372290895,0.007889672317905933
param_20046,real_002,0.7696748973514671,0.581149779481249,25,1469.328178100586,0.019699692456633784,0.007538315532074193
param_20046,real_003,0.7737098980245034,0.595632702539788,25,1478.042800140381,0.020685562121798284,0.0072004012828256235
param_20046,real_004,0.7581735291937582,0.5387009548011203,25,1168.1981958007811,0.023944847423699685,0.009820936595933744
param_20046,real_005,0.7958771192171529,0.5895672841826469,25,2000.7825244140624,0.017391959109227174,0.007006404369967641
param_20047,real_001,0.8312431522721687,0.7132120346022517,25,1786.831724243164,0.02052578486793209,0.005313770721841138
param_20047,real_002,0.7894927092802653,0.6730694842015602,25,2096.0661602783202,0.02224041475215927,0.005064342075711465
param_20047,real_003,0.8029439309685823,0.6841765982761795,25,1775.1928587341308,0.023353936167550274,0.005742745958486921
param_20047,real_004,0.7260349870400408,0.576895248474511,25,2498.1127560424807,0.031001161446329206,0.008159007486683549
param_20047,real_005,0.8169032913185137,0.6793023179225459,25,1277.0143156433105,0.021723387231468223,0.005807281379966298
param_20048,real_001,0.7428029650373783,0.360441837204458,25,1621.5821310424806,0.02302219622884877,0.017160136515740304
param_20048,real_002,0.7892886914324939,0.4066717167191954,25,1618.7401217651368,0.020015885752509347,0.012932198437338229
param_20048,real_003,0.7598151140528272,0.3944784235530397,25,3071.3596786499024,0.01655815234116744,0.010818536609585863
param_20048,real_004,0.8134215641540565,0.5054993467049093,25,2310.527166748047,0.014022750377189369,0.00837039559672121
param_20048,real_005,0.7656489623133976,0.3935996896706081,25,2827.914568939209,0.016034576233942062,0.010477048909524455
param_20049,real_001,0.7440334788327241,0.37670351235611393,25,1322.184826965332,0.023953101983643137,0.017099786079488696
param_20049,real_002,0.7828323271303749,0.4286970426500901,25,1593.445629119873,0.020324137872667052,0.011930143537174445
param_20049,real_003,0.7651507686218773,0.42521462203049465,25,2833.2604762268065,0.01584198904922232,0.009896327630558517
param_20049,real_004,0.8211733211234723,0.5354866154738446,25,2088.944775848389,0.013727476731874048,0.007722241704468616
param_20049,real_005,0.7569183172732388,0.4109140967237949,25,2587.367733306885,0.017226027762517332,0.010631490736850538
param_20050,real_001,0.742528002538715,0.392257431304083,25,1345.1867500305175,0.023726778817363084,0.01644612469521235
param_20050,real_002,0.7839748548266612,0.4453915601894583,25,1520.7437216186524,0.02005696421081666,0.011504444482561667
param_20050,real_003,0.7601997527257314,0.43458026681782136,25,2862.2991491699217,0.015932939579361118,0.009695780092006317
param_20050,real_004,0.8194756755408741,0.5481606732714149,25,2079.7651094055177,0.013754790262901224,0.007574354609532747
param_20050,real_005,0.7566506011963522,0.42173018821992836,25,2590.0335734558107,0.016897217195364647,0.010160765886394075
param_20051,real_001,0.7403912121768272,0.4308004155477198,25,1002.561047668457,0.025266100122244096,0.014398875204788055
param_20051,real_002,0.7762246334524466,0.5290164590799961,25,1169.4503024291992,0.020975056345341726,0.009098324774240609
param_20051,real_003,0.7716819072478378,0.49790108363589425,25,2112.4514161682127,0.015482366560027003,0.007958683135366301
param_20051,real_004,0.8389041268947593,0.6105744305108695,25,1253.8999215698243,0.013860726889688521,0.0061492923024343326
param_20051,real_005,0.7371698018885087,0.45797451348341384,25,1475.479965209961,0.02041303256584797,0.010161760593910003
param_20052,real_001,0.7703229188160147,0.5797237601583409,25,1018.4247822570801,0.020433967799763194,0.00795498385283281
param_20052,real_002,0.7914769759654666,0.6271141884919859,25,1156.2990406799317,0.01964826870127581,0.0062924965543788855
param_20052,real_003,0.7762151927851576,0.6030919043550389,25,1699.575291442871,0.014837641895283013,0.005783882829418872
param_20052,real_004,0.8192820594401641,0.6866001072117338,25,1112.3071669006347,0.012951850647223182,0.004265399981159134
param_20052,real_005,0.7293321895193172,0.548327834101693,25,1277.8486137390137,0.02000365707615856,0.007474997277458897
param_20053,real_001,0.7780956173979259,0.6437170011882606,25,1857.038104095459,0.025141674883197993,0.006189901399920927
param_20053,real_002,0.7975137770696756,0.6862534255739114,25,2151.0817294311523,0.023642346638371236,0.005310141453446704
param_20053,real_003,0.8158477679181577,0.6938909691560461,25,1727.7133027648927,0.01880168237898033,0.004304104482434923
param_20053,real_004,0.8580982244605074,0.7699835953562716,25,1616.2233293151855,0.0159307507367339,0.0034718422065634514
param_20053,real_005,0.773706290849018,0.6472203984006054,25,2341.5502697753905,0.024182163218501956,0.005947616741395905
param_20054,real_001,0.8692529498022432,0.4911540025617009,25,2373.9080920410156,0.013050420677172951,0.00790779812814435
param_20054,real_002,0.8488921016164823,0.4695555080311191,25,2970.968657989502,0.015471275496529414,0.010832704416825436
param_20054,real_003,0.8250239993026729,0.4257989205203179,25,3215.980027770996,0.017356858849525453,0.012236918986018282
param_20054,real_004,0.8054327866203235,0.3958907470792406,25,1657.9653422546387,0.018364972997806036,0.011487687190528959
param_20054,real_005,0.7817623197401447,0.3206831301865149,25,3337.0990846252444,0.017790116676478646,0.012584015738393645
param_20055,real_001,0.8712492646597585,0.5098367755294521,25,2251.088419342041,0.013214609883725643,0.007682124385028146
param_20055,real_002,0.8481714564140803,0.48044687036701567,25,2848.143472290039,0.015670454807113855,0.010573679498338606
param_20055,real_003,0.8192400834907797,0.4331661456965817,25,3143.8304972839355,0.01791282474587206,0.012273685346881393
param_20055,real_004,0.8057268383159475,0.426676186118763,25,1617.5124491882325,0.017866678193677217,0.010429358235560357
param_20055,real_005,0.7764401220662617,0.3281928983349709,25,3209.5870346069337,0.018234100063564254,0.012518482904997654
param_20056,real_001,0.8681803305231128,0.5272004310808264,25,2177.6651145935057,0.013119793486548587,0.007311955174664035
param_20056,real_002,0.8455318178822538,0.510016082949548,25,2755.3402781677246,0.015622632454615086,0.010176948389271275
param_20056,real_003,0.8169032013457709,0.44830522199816497,25,3098.2539418029787,0.01790241862181574,0.011844188748073066
param_20056,real_004,0.8012478692220593,0.4374689501202048,25,1466.421395263672,0.018170979022979736,0.010406669128424256
param_20056,real_005,0.7708109391520128,0.34649983625629466,25,3204.606019592285,0.018240754539729096,0.012173413612617878
param_20057,real_001,0.8664654699224024,0.5791358608789698,25,1533.2773553466798,0.014848938415525481,0.006549835264449939
param_20057,real_002,0.8327200505203889,0.5284111927387083,25,2223.192135467529,0.017100933411275037,0.009428213149076327
param_20057,real_003,0.7890932260651583,0.48088706692133193,25,2488.651990966797,0.0204907501739217,0.011498441779986024
param_20057,real_004,0.800604242314334,0.5308004190211055,25,1386.8421961975098,0.01997641509398818,0.008551519741449737
param_20057,real_005,0.7595316374036969,0.4060688041450468,25,2257.469538574219,0.02133491228451021,0.011509798186452827
param_20058,real_001,0.8668156790747833,0.6753237758680447,25,1280.6765354919435,0.01341578659194056,0.004527863108596648
param_20058,real_002,0.8211788975601867,0.6232662072832985,25,1663.233761291504,0.016050253742723727,0.006727704282238847
param_20058,real_003,0.7884055576098309,0.5787598973042966,25,2053.5470945739744,0.020130541317048483,0.00872959457898105
param_20058,real_004,0.7995383889680834,0.6203145602615153,25,1113.4208750915527,0.01855811237881426,0.005938674780918518
param_20058,real_005,0.7380481506363087,0.4779899457615487,25,2504.9490657043457,0.01961618752393406,0.009028338648713543
param_20059,real_001,0.853910405346658,0.7354618818272758,25,1598.8638578796388,0.019969226712128148,0.0051636007813795
param_20059,real_002,0.8260511960208035,0.7069759162448014,25,1659.479022216797,0.019849423827254215,0.00525049947478692
param_20059,real_003,0.7735897488427927,0.6437120311725755,25,1633.9388648986817,0.024929181506158783,0.007080659359926358
param_20059,real_004,0.7957894259340782,0.6982100268088638,25,2307.6341445922853,0.0254373205389129,0.00578875960840378
param_20060,real_001,0.8234781805962521,0.47727583281210656,25,2088.240463104248,0.01697481676703319,0.010825332704698667
param_20060,real_002,0.8171519282053471,0.5372421072305836,25,2049.4611012268065,0.017626143952365964,0.010919858803099487
param_20060,real_003,0.7760905078457351,0.4554610555359259,25,2401.3961000061036,0.020056267597246914,0.012852356391667853
param_20060,real_004,0.7534130018668761,0.4292858395727886,25,1677.385831604004,0.021676422181772067,0.012276990486425348
param_20060,real_005,0.757138095998598,0.39707377011421147,25,2337.1844364929198,0.020489764089579695,0.012933685993484687
param_20061,real_001,0.8263136329005022,0.4939757552320005,25,2024.1287353515625,0.016924175380263477,0.010310556247713976
param_20061,real_002,0.8215044041908129,0.5441461537770316,25,2012.14095413208,0.017381016780855133,0.010504137380339671
param_20061,real_003,0.7714128368840771,0.45983099367548713,25,2371.795942840576,0.020401174799189903,0.012732624921191017
param_20061,real_004,0.7549631208574626,0.44192932356791703,25,1624.0981967163086,0.02236612772161607,0.01206074086308945
param_20061,real_005,0.7561433150924745,0.40367965111105386,25,2216.2380545043943,0.02074073138355743,0.01250330085051246
param_20062,real_001,0.8230715525781297,0.5104781725141604,25,1956.5568992614747,0.017100813587894663,0.010075502368126764
param_20062,real_002,0.817076170253946,0.5674516772757051,25,1943.3419151306152,0.017314037747564726,0.010120181034581037
param_20062,real_003,0.7715194667028205,0.47501570561098333,25,2327.578164367676,0.02036949657660443,0.012245897829561727
param_20062,real_004,0.7513037134691803,0.45125934072457113,25,1603.6723301696777,0.02221837632416282,0.011598796861071604
param_20062,real_005,0.7517294866735551,0.42253120707023306,25,2220.587604522705,0.020769823187729342,0.012227967177896062
param_20063,real_001,0.8284891591981639,0.5594747966912333,25,1657.350765991211,0.018818135148030705,0.00988575227864203
param_20063,real_002,0.8313380931080464,0.5847987947656049,25,1819.2927113342284,0.016534359047655017,0.008709044362040003
param_20063,real_003,0.7613612076119419,0.4885125495873877,25,1999.9121253967285,0.0221849190373905,0.011843579825363122
param_20063,real_004,0.7596413263665893,0.5162867804374641,25,1793.3088975524902,0.02488237481622491,0.010772028826904716
param_20063,real_005,0.7463578251037797,0.4548364793141186,25,1801.8689987182618,0.022686836255015806,0.011172446532873437
param_20064,real_001,0.8354520546972536,0.6709965194361854,25,1271.651315307617,0.01700406411779113,0.006453940908395453
param_20064,real_002,0.8196296243001402,0.6713640329380317,25,1446.6445838928223,0.016082455228897743,0.00637571695864608
param_20064,real_003,0.7555579980076675,0.58680245363092,25,1601.9164450073242,0.02213716154335998,0.009023120937708882
param_20064,real_004,0.7694021213704977,0.6224548364865062,25,1445.0423657226563,0.022038663161802106,0.006704084894590778
param_20064,real_005,0.7176091906751566,0.5250864353720863,25,1572.1452996826172,0.022908328346093184,0.009366868387369323
param_20065,real_002,0.8418143122016832,0.7355481577319933,25,1337.9601719665527,0.017272383887902833,0.0049040865691495125
param_20065,real_003,0.7622105474571249,0.6311992278016058,25,1576.8036570739746,0.025049523892812432,0.007524167623269022
param_20065,real_004,0.771794883232868,0.6731514679851854,25,2438.7637808227537,0.028102349378168582,0.0068275162624195215
param_20065,real_005,0.7402384536173566,0.5947223486413964,25,2135.768047180176,0.02813482193509117,0.007327249709560419
param_20066,real_001,0.7114711759288332,0.4198693740140205,25,1909.7726365661622,0.023213099562563,0.013788841692439746
param_20066,real_002,0.717893323840947,0.43428452279081825,25,1457.5824772644044,0.027532993084168993,0.015706654097011778
param_20066,real_003,0.7578761162563659,0.45606942459887784,25,854.7779293823243,0.02647629691637121,0.022818149165832437
param_20066,real_004,0.7176386852785102,0.39659132176671996,25,1663.9998971557618,0.025953421758604236,0.015551986003119965
param_20066,real_005,0.7976732109681953,0.5691035335940371,25,1594.8001025390624,0.016534583322354593,0.009259304497682024
param_20067,real_001,0.7134560654278518,0.4281677123125355,25,1703.6655097961425,0.024020845654304138,0.01388819921121467
param_20067,real_002,0.7239241727426371,0.4452672581900919,25,1378.5202505493164,0.027542963920277542,0.015033512737427373
param_20067,real_003,0.766628053183779,0.46720651206743796,25,670.9452844238281,0.027300026345765217,0.024161471527768298
param_20067,real_004,0.7175462488520362,0.4094415457088651,25,1625.2369444274902,0.026602493796381167,0.015135887339711189
param_20067,real_005,0.8077146691252592,0.5919629789688301,25,1627.6070928955078,0.016027185707935133,0.008572227765689604
param_20068,real_001,0.7069129180437972,0.43864151574440446,25,1676.4578930664063,0.02407712565327529,0.013558776710560778
param_20068,real_002,0.7189569352098681,0.4650520769851022,25,1380.139222717285,0.02794677027617581,0.014976339246495628
param_20068,real_003,0.75888346144303,0.4733335630143033,25,663.5656173706054,0.027208812815952114,0.023303960799094057
param_20068,real_004,0.71374347577211,0.41648353038745584,25,1604.1242070007324,0.026412375486688688,0.014679500952042871
param_20068,real_005,0.8044171171542096,0.6045913972724325,25,1587.5212059020996,0.015854135131812653,0.008182642803294584
param_20069,real_001,0.7084322927980254,0.45406636631598596,25,1215.965273590088,0.025843241753755138,0.012924445384851425
param_20069,real_002,0.7277104269389219,0.48960385718621535,25,1328.7377368164061,0.028144745168974625,0.012972508573002415
param_20069,real_003,0.7799742602134151,0.5095851603909337,25,692.6784281921387,0.02720407908782363,0.020213302664924413
param_20069,real_004,0.7045569455970615,0.4354451451915512,25,1756.5643910217286,0.029770727916038596,0.014344659998459974
param_20069,real_005,0.83047646996664,0.65187838982741,25,1670.951633605957,0.015039940697024577,0.006828348575509153
param_20070,real_001,0.7268859590865613,0.5735765991017712,25,958.9328318786621,0.02476673792640213,0.00954342285884195
param_20070,real_002,0.7260652687225064,0.5777014334167727,25,1197.5376420593261,0.028748711116495542,0.010452033586989273
param_20070,real_003,0.7624229163880082,0.5859112707628565,25,1035.0604470825194,0.022871635043411515,0.010354285953508225
param_20070,real_004,0.7172239042721607,0.5325948596244287,25,1370.625574951172,0.026521899681538345,0.009953127350381692
param_20070,real_005,0.8448284326483838,0.7411116548209836,25,1349.999345550537,0.01359070252336096,0.004418759261679952
param_20071,real_001,0.7322000879065039,0.5927322499914948,25,1504.126194152832,0.02926046846434474,0.008310989802630502
param_20071,real_002,0.7474323115048052,0.612100906109502,25,1881.0220610046388,0.030347609741147606,0.008089674526054295
param_20071,real_004,0.719406440138696,0.569553452769312,25,2180.756845703125,0.032087214489583855,0.008990577576551004
param_20071,real_005,0.8658241486410758,0.7784245414996012,25,1417.2816111755371,0.014090169085538945,0.003749618997317157
param_20072,real_001,0.833818371742059,0.40163858008390974,25,3156.0258880615233,0.01670633355039172,0.011714261718734633
param_20072,real_002,0.8329288370183515,0.42807886067543194,25,2453.200663757324,0.015529058347456158,0.010006336065998767
param_20072,real_003,0.8135323456754341,0.3590173870505924,25,2187.578265991211,0.02199533267354127,0.015944230380409864
param_20072,real_004,0.8184388784865559,0.3846329144967453,25,1411.8300703430175,0.022263890368049034,0.01579129907913739
param_20072,real_005,0.8129013442550262,0.3138518770140809,25,3318.0694665527344,0.017441813576151616,0.012329326848557684
param_20073,real_001,0.8334653456369985,0.4267211096508489,25,3066.014496307373,0.016907552444026804,0.01146661552193109
param_20073,real_002,0.8292935424321639,0.4408914604237857,25,2430.324713439941,0.01601796875766013,0.009920027176849543
param_20073,real_003,0.8060604909455855,0.3721534169825968,25,2435.183122253418,0.021071640248992482,0.013970813396445009
param_20073,real_004,0.8137616374169008,0.4041126506477488,25,1399.5983618164062,0.02266493561968673,0.015232748112466651
param_20073,real_005,0.8110118186526766,0.33633856590535527,25,3243.1411497497556,0.017216917227488013,0.011641991679207422
param_20074,real_001,0.829568997667791,0.44325344457321825,25,2997.9298556518556,0.016987173046218232,0.01113265274616424
param_20074,real_002,0.8287903908960874,0.4770823797968454,25,2299.5286506652833,0.01582425998465624,0.009494715845794416
param_20074,real_003,0.8026715046406264,0.3884524475296295,25,2248.363178100586,0.021712601326871663,0.014209615977306385
param_20074,real_004,0.8116353329963348,0.4171681390486659,25,1433.097144165039,0.022912954770145006,0.015301403168414253
param_20074,real_005,0.8067286309890794,0.35292611433770793,25,3191.2038273620606,0.017419735957519153,0.011415446741593768
param_20075,real_001,0.8131877113706306,0.5166631030652273,25,2342.2704888916014,0.019296189678716474,0.010327534745738377
param_20075,real_002,0.8088590904014497,0.5110364352056453,25,2002.3707972717284,0.017963049734826198,0.00895999526270316
param_20075,real_003,0.7662321070461442,0.428331103612001,25,1869.8930403137208,0.023284108003717847,0.01233745626086602
param_20075,real_004,0.7856034811401422,0.48022646032637595,25,1568.076453857422,0.025649533840478397,0.013210011868359288
param_20075,real_005,0.8010536248405434,0.43607175031326156,25,2451.9421226501463,0.018250412957859227,0.009364460825891001
param_20076,real_001,0.8083834885429971,0.6011247582407766,25,1840.8543255615234,0.01799043694802094,0.0075187720727990385
param_20076,real_002,0.8045673932790909,0.6260163520424384,25,1483.4544467163087,0.01695224139839411,0.006371590637572808
param_20076,real_003,0.7653364155122132,0.5273771799911782,25,1405.0011824035644,0.023656402312335557,0.010052283786790213
param_20076,real_004,0.7994327707257705,0.5892153439012618,25,1128.4696563720704,0.021515453387983142,0.007860706771316473
param_20076,real_005,0.7954294103444509,0.5560358155979085,25,2076.656962585449,0.018608668380184098,0.007652822166055557
param_20077,real_001,0.8048783434328486,0.690897605283466,25,1618.492497253418,0.024002217188244687,0.006490930816507898
param_20077,real_002,0.8024219678663045,0.712296790232213,25,2069.8633110046385,0.021904212094377727,0.005140596378405462
param_20077,real_003,0.7291202620329296,0.5830980638998416,25,2175.7280181884767,0.031433857951778915,0.00852263759203197
param_20077,real_004,0.7727361101950626,0.6617550264148987,25,2209.3143853759766,0.02837374997267034,0.0071599121957842725
param_20077,real_005,0.8160175487445989,0.6767969339596912,25,1442.422399597168,0.023040847693919203,0.0053071765376080295
param_20078,real_001,0.798357536907962,0.4194822354502897,25,1193.0136708068849,0.02119663915131241,0.015155110311752651
param_20078,real_002,0.7678198306386547,0.40359022807845124,25,2229.4089962768553,0.021797467123833486,0.014097805165220053
param_20078,real_003,0.786545133441871,0.3869869424460106,25,1273.7944096374513,0.025429099519387818,0.017489464560931083
param_20078,real_004,0.7727845843621504,0.3944320039355378,25,2607.707939147949,0.0187194332346553,0.011932906140282284
param_20078,real_005,0.7508509268042787,0.3771803743118435,25,1435.4228526306151,0.025937206936068834,0.018736683739407452
param_20079,real_001,0.8008408277675794,0.4402349433384534,25,1283.5798541259765,0.020367052960209547,0.013664134455029852
param_20079,real_002,0.772312125989396,0.42867943199030734,25,2052.5195008850096,0.02231312640302349,0.013817984306369909
param_20079,real_003,0.7877618658872281,0.4099249480201609,25,1299.3194387817382,0.025079149930970743,0.016613900244992694
param_20079,real_004,0.7767238561497004,0.4251602377663872,25,2481.3659883117675,0.018816317053278908,0.011411520926340018
param_20079,real_005,0.7523805197748189,0.3965963539037434,25,1421.896801147461,0.025588997290469706,0.01619012965587899
param_20080,real_001,0.7975166858979437,0.45975053595274723,25,1213.2732580566405,0.02058490964293014,0.013504887035087449
param_20080,real_002,0.7675526773019656,0.43750922195217035,25,2059.311177520752,0.022271994553157128,0.013466791294340509
param_20080,real_003,0.7831432936466582,0.41797639152198157,25,1261.036223449707,0.025204614550457336,0.016270525291620288
param_20080,real_004,0.7725942095560705,0.43892893769478064,25,2446.120860900879,0.018827805779874324,0.011084140076272888
param_20080,real_005,0.748297359625725,0.4040397355464668,25,1334.8545393371583,0.026049702833988705,0.016472761184122647
param_20081,real_001,0.7868462603622592,0.4763954716648539,25,1163.0576083374024,0.02120837024413049,0.011276139084075112
param_20081,real_002,0.7747867680267184,0.49042414732086514,25,1536.9592904663086,0.02342215741809923,0.011680189200269524
param_20081,real_003,0.7847143675702419,0.47245481492843666,25,1194.7296533203125,0.025168885049060917,0.01341070352238603
param_20081,real_004,0.791750631475389,0.5290588097011404,25,1509.934383392334,0.021015250461059624,0.010218578953499672
param_20081,real_005,0.7305604957247742,0.4419865296807921,25,1365.3144799804688,0.027126053462852726,0.013110836557898438
param_20082,real_001,0.7770025932018253,0.5797658902265804,25,1235.5566130065918,0.019431819447199815,0.007977079245611094
param_20082,real_002,0.7851213320036018,0.600938079292612,25,1284.8204536437988,0.022529753301059826,0.008757971706581885
param_20082,real_003,0.7920191279975254,0.5780639644494768,25,1234.2281301879882,0.02263323780382052,0.008766379118605982
param_20082,real_004,0.7859290107672973,0.6023525451287037,25,1363.5749755859374,0.01947170077590272,0.007329420969181228
param_20082,real_005,0.7520014485755236,0.5445536570849195,25,1236.0183587646484,0.027920448230579497,0.010749492970717256
param_20083,real_001,0.7985668047891895,0.6319998982579037,25,1421.0889228820802,0.023452004403225146,0.0068207983591128145
param_20083,real_002,0.7961800976271804,0.6739964992833037,25,2165.9633076477053,0.02514550487685483,0.005916982418129919
param_20083,real_003,0.8113756928624825,0.6596709700282744,25,1884.7497819519042,0.02382478905317839,0.006161301709944382
param_20083,real_004,0.828160117199317,0.7052519784103984,25,1306.1536558532714,0.022978319207322784,0.006039662187031353
param_20083,real_005,0.7407327989613404,0.6088394721714898,25,2316.7083253479004,0.03139108511095401,0.008080342947432656
param_20084,real_001,0.7877215868651946,0.423537651731258,25,831.1840234375,0.028204903302830642,0.02013531118776882
param_20084,real_002,0.7780389929488024,0.39712062666919806,25,986.4255746459961,0.02342178110964596,0.01746644973754883
param_20084,real_003,0.7738531346536361,0.4005984509581667,25,1911.8911631774902,0.02184794778819196,0.014528913094545714
param_20084,real_004,0.7724520493167006,0.39126089690291777,25,2013.5796891784669,0.03490547478839289,0.04700968693447066
param_20084,real_005,0.7907739027160546,0.4037894066812837,25,1226.8595027160645,0.02500696822302416,0.017916235272714402
param_20085,real_001,0.7721686160148746,0.4325164339182983,25,1051.1220626831055,0.028374625900178217,0.017829041250806768
param_20085,real_003,0.7725951418153073,0.422765994739197,25,1847.167350921631,0.022075612195185387,0.01379852368554566
param_20085,real_004,0.7654047459150898,0.41130371694440626,25,1798.8837217712403,0.03350971845211461,0.03669024050206644
param_20085,real_005,0.7882441738599624,0.42436040395674857,25,1190.9990579223634,0.0249651771876961,0.016692619712266606
param_20086,real_001,0.7746224855842374,0.45312207489886447,25,1010.0067155456543,0.028391317845089362,0.0177927414959413
param_20086,real_003,0.7721801888023281,0.4398964080181124,25,1756.1980255126953,0.022351956158527173,0.013651997762644896
param_20086,real_004,0.7635695330104179,0.43617702244312134,25,2046.6449017333985,0.03441425371391233,0.039765726326440924
param_20086,real_005,0.7848082071274739,0.4315058727870825,25,1148.7923258972169,0.025017164670862256,0.016402374000754207
param_20087,real_001,0.7429275465130484,0.48315631352291083,25,1372.630647277832,0.029527668049558996,0.014085926789994119
param_20087,real_002,0.7688702800517783,0.5498220868042938,25,1702.6621166992188,0.018530255017103626,0.008368379232852021
param_20087,real_003,0.7644795999089173,0.48941000339192825,25,1495.0080744934082,0.023523188809049314,0.012100737289438257
param_20087,real_004,0.7445568165200956,0.47219645269695304,25,1112.6206239318847,0.02927993285411503,0.01893003034492722
param_20087,real_005,0.7850778294224158,0.48084495966037255,25,936.5143992614746,0.025771349570713937,0.013866446886531776
param_20088,real_001,0.7720496618616174,0.6110533916438501,25,1257.5872203063964,0.026453093818272464,0.00994941595097771
param_20088,real_002,0.7977456075721271,0.6613360973821818,25,1343.6523510742188,0.01603749944944866,0.0056884488627110845
param_20088,real_003,0.7813619635031841,0.6154713018610153,25,1244.296195373535,0.02114233472326305,0.008157918539072852
param_20088,real_004,0.7563717649966355,0.5999141603278146,25,878.0842660522461,0.027121891367714854,0.012273600748740137
param_20088,real_005,0.7721252425544044,0.5747011319606132,25,996.5205049133301,0.02442126364214346,0.009330666193636716
param_20089,real_001,0.7699157433601007,0.6486644814723589,25,1743.6791423034667,0.027745926120551302,0.007246179533321993
param_20089,real_002,0.8332503921963123,0.7309314731521406,25,1765.1850053405763,0.017737175145884975,0.004041539284444297
param_20089,real_003,0.7910648287924609,0.6598333057579973,25,1614.1347967529298,0.02372728286019992,0.006170987683581188
param_20089,real_004,0.7739602919190987,0.6771981045247618,25,1870.8841900634766,0.028157425065292046,0.007899154365222785
param_20089,real_005,0.8127571839186706,0.6611063770339756,25,1141.397169494629,0.024673108156421222,0.007482914027641527
param_20090,real_001,0.8160410128051417,0.38262033044116905,25,2995.600203857422,0.0181254171859473,0.012602200144319795
param_20090,real_002,0.8465897988453179,0.4127005810298051,25,3190.477685394287,0.01651804213412106,0.011326640137122012
param_20090,real_003,0.8455505774474288,0.3957141138981472,25,1789.7540440368653,0.022898035787511616,0.016249858292576393
param_20090,real_004,0.8304157663960684,0.3259444187455112,25,1127.0040461730957,0.02893429213727359,0.023261705539771357
param_20090,real_005,0.811293981798438,0.35289552298218096,25,2013.3447274780274,0.021641356504987927,0.015017726443766151
param_20091,real_001,0.8184267365145886,0.41049592891454423,25,2784.7210552978518,0.018483116668066943,0.012456177890126128
param_20091,real_002,0.8493404086915431,0.4423199156050228,25,3000.8005757141113,0.017155852613504975,0.01132549711765023
param_20091,real_003,0.8447047182053273,0.4170291351243511,25,1925.5056507873535,0.022089069377980195,0.014814332620881032
param_20091,real_004,0.8268550545100831,0.3473055498794271,25,973.1509419250489,0.027237137340707703,0.019827839575591498
param_20091,real_005,0.8031188113214911,0.36819907072862035,25,2234.257507019043,0.021482343138195574,0.014319223766506184
param_20092,real_001,0.8147220566041748,0.4235911019898582,25,2755.585445098877,0.018501099351560697,0.012136808620562078
param_20092,real_002,0.8466366099676519,0.46247075002719457,25,2956.2202104187013,0.01710450848797336,0.010890908200817648
param_20092,real_003,0.8419449195849829,0.4414914449634154,25,1810.7458883666993,0.02278722681221552,0.015152712962444638
param_20092,real_004,0.8240144471584232,0.3664802084316188,25,1066.0410375976562,0.028614610778167845,0.021290736504015514
param_20092,real_005,0.8009101712648047,0.38859187162381353,25,2103.4044409179687,0.021750349762733094,0.01421865642099874
param_20093,real_001,0.7964390491682878,0.4669687850914318,25,1805.5546166992187,0.021894369291840122,0.011572605984838447
param_20093,real_002,0.8414933211360567,0.5326991126616768,25,2232.027378692627,0.019305270439363083,0.010406860540388151
param_20093,real_003,0.8339573134519475,0.511286087544456,25,1945.9178657531738,0.021917410652386025,0.0118187223750283
param_20093,real_004,0.7902750094816477,0.4159051869245885,25,1412.4137351989746,0.023824782693991436,0.012846504124463537
param_20093,real_005,0.7629229763342296,0.4183780491277166,25,1602.5262492370605,0.023982729347771965,0.012731803092028713
param_20094,real_001,0.7909672141267301,0.570052460909118,25,1686.6653254699706,0.019246294099139048,0.008089030072806053
param_20094,real_002,0.8330638711388256,0.6172751066687813,25,1722.6013017272949,0.018751318308059126,0.0075082256676978435
param_20094,real_003,0.8246961212873778,0.6091779025512816,25,1460.3512530517578,0.021935556036187336,0.009030571133625926
param_20094,real_004,0.7949310560797488,0.5327631051728716,25,987.0243243408203,0.023928313993965274,0.010025522639698465
param_20094,real_005,0.771145765217088,0.5314690106182951,25,1332.2621321105958,0.022409487937111408,0.00962517939013196
param_20095,real_001,0.7774682056470708,0.6277696273963909,25,2396.3462603759767,0.027788394378731027,0.006916665653916425
param_20095,real_002,0.8315193080012767,0.6914477839347276,25,1254.6104724121094,0.02219672695209738,0.00620740392798325
param_20095,real_003,0.832386133478558,0.689313997440244,25,1454.7164295959474,0.022265186410513706,0.0066656539589166645
param_20095,real_004,0.7780664912597388,0.6032838480968734,25,1577.920248413086,0.0264293021481717,0.007076456538634375
param_20095,real_005,0.7424643354697017,0.5936385102028171,25,2134.280778503418,0.03060936322028283,0.008179941908965703
param_20096,real_001,0.7536033238200186,0.3283352368257806,25,1558.7907687377929,0.024604201659676618,0.019262011024111417
param_20096,real_002,0.7545239494082306,0.45591777659025245,25,2031.28373046875,0.018177604874945245,0.012349780087242834
param_20096,real_003,0.7366361574446983,0.35260342457739496,25,2574.8402125549314,0.020556759174214675,0.013945507285534404
param_20096,real_004,0.8222812990549337,0.41667744316164745,25,2301.6186961364747,0.020208332387846896,0.013297546540852636
param_20096,real_005,0.8005867942494806,0.40676628115586216,25,3382.062442779541,0.01552077240892686,0.010934766048158052
param_20097,real_001,0.7551601037736867,0.3640137718602501,25,1405.5750750732423,0.02507083855860401,0.01870802801800892
param_20097,real_002,0.7576395822919401,0.47848601275514546,25,2156.8463206481933,0.017296349420212208,0.01017699260788504
param_20097,real_003,0.7380632308862886,0.3755322132324172,25,2779.16919052124,0.019753954727202653,0.012719228522910271
param_20097,real_004,0.8248450347325078,0.44465419450978677,25,2058.386881561279,0.02074854325619526,0.013561374756100121
param_20097,real_005,0.8048414423892606,0.4417771653901685,25,3299.1631024169924,0.015188848110847175,0.010466546532406938
param_20098,real_001,0.7519065021805518,0.3764856107397144,25,1411.0829071044923,0.024976664271671323,0.018384865858388368
param_20098,real_002,0.7519183406262521,0.4870745828464855,25,2028.5829551696777,0.017844290707143953,0.010684764041361632
param_20098,real_003,0.7311532631925874,0.3829211647401809,25,2680.8305421447753,0.02021860900451429,0.012822572208679049
param_20098,real_004,0.8222175730183012,0.4651305462491168,25,2050.379554443359,0.02059404422994703,0.013010942882392556
param_20098,real_005,0.799899434057793,0.4462800163536149,25,3339.057589111328,0.015274906150298194,0.010238068511389429
param_20099,real_001,0.7426864049855759,0.44573359935939955,25,1242.222354736328,0.0260552696994273,0.014835202758258675
param_20099,real_002,0.7717876479449788,0.5599238216341406,25,2074.0964488220216,0.01672699475544505,0.00735430442597135
param_20099,real_003,0.7355055981743901,0.45364977268632445,25,2133.1551916503904,0.022049961597658693,0.011451236027205595
param_20099,real_004,0.826350587832452,0.5294405759175814,25,1456.9537973022461,0.020854692512075418,0.010467198449623539
param_20099,real_005,0.8386481289328347,0.5648610608715581,25,2450.7411694335938,0.01357531313027721,0.007338581874209922
param_20100,real_001,0.7463557826590652,0.537756208995982,25,1208.3987837219238,0.023673683211090975,0.010311477354043745
param_20100,real_002,0.7659476005832905,0.6246355207621239,25,1782.3899816894532,0.01577620647964068,0.005463364566385281
param_20100,real_003,0.734963976947784,0.5452322674912802,25,2468.756088562012,0.020129467602237126,0.008754291520963306
param_20100,real_004,0.8272984613149912,0.6402026858589167,25,1643.7513088989258,0.018234769912669434,0.0070448912159918105
param_20100,real_005,0.8166596782271709,0.61768621583274,25,2573.090512084961,0.014114281913498417,0.0061832562883500945
param_20101,real_001,0.7622842417321557,0.6203473783633501,25,2026.4750415039061,0.027650558485183864,0.0075428052945062515
param_20101,real_002,0.8062314927089986,0.702685136671032,25,1652.5969674682617,0.01907090040971525,0.0038827678171219305
param_20101,real_003,0.7468811167854739,0.6279286380376367,25,1800.1588861083985,0.02785915698565077,0.007403268770358409
param_20101,real_004,0.8562473665909431,0.7269809138669302,25,1115.4001202392578,0.019860043085063808,0.004685287906468148
param_20101,real_005,0.8927493376654614,0.7974396297499495,25,1215.3730981445312,0.013237093006609938,0.0027489407844404922
param_20102,real_001,0.7745333798059526,0.40893799294004607,25,1750.121065826416,0.0202433101501083,0.01276062045362778
param_20102,real_002,0.7968553540854465,0.4670694212910901,25,1106.4083984375,0.020231636511744,0.014312170365592465
param_20102,real_003,0.7361884099026607,0.3593629250323788,25,1125.285228881836,0.02625941491103731,0.021495654085883872
param_20102,real_004,0.8052255316224075,0.4621217417281877,25,1116.2490530395507,0.01818915243668016,0.009307089831272606
param_20102,real_005,0.7847909916673786,0.3473656435980923,25,641.928251800537,0.02828451611800119,0.0280820982818841
param_20103,real_001,0.7652127188218243,0.42050986240621596,25,1500.4728796386719,0.021775022507063112,0.012692087099421769
param_20103,real_002,0.7878271479230616,0.4825204880373161,25,1284.8915913391113,0.020760573435691185,0.013097361461550463
param_20103,real_003,0.730058820882703,0.3782649509451227,25,999.7712338256836,0.026596487333881667,0.01962111689761514
param_20103,real_004,0.7953311347039249,0.4726876618278321,25,888.0660888671875,0.02080634920625016,0.01034735405293759
param_20103,real_005,0.7780366415481503,0.3555461088957756,25,522.9108262634277,0.02820310150505975,0.024815870930615345
param_20104,real_001,0.7674517833796165,0.4365933321217734,25,1499.446300048828,0.02115023885970004,0.012130129118158948
param_20104,real_002,0.7901922454676296,0.5157619285025028,25,1208.4880680847168,0.020333880513790065,0.012896549527504249
param_20104,real_003,0.7271118124530365,0.3885897274248893,25,913.8789985656738,0.026904691630625165,0.019747759989550105
param_20104,real_004,0.7999036820568963,0.5047579796807244,25,820.760277709961,0.019973773182136938,0.009539302001794567
param_20104,real_005,0.7775055729625058,0.3750169551649425,25,551.1885055541992,0.028818815425620415,0.02665915891295299
param_20105,real_001,0.7461392256586292,0.4725292770681166,25,1653.07268157959,0.025096749186050146,0.011134416571730981
param_20105,real_002,0.7845360154169234,0.5756652778888811,25,1604.1301467895507,0.01941344196035061,0.007956744954863098
param_20105,real_003,0.7145648853942183,0.4479108444408202,25,879.4442579650879,0.028148138640681282,0.01541705106763402
param_20105,real_004,0.7615342861344138,0.5219848041165757,25,1781.9677738952637,0.025948153222561814,0.011404255170928081
param_20105,real_005,0.7668661488295547,0.453818301445396,25,559.5602565002441,0.026167348264716565,0.014386188129574293
param_20106,real_001,0.7860659909488849,0.6184577825293646,25,1433.0805555725099,0.021200292485882528,0.007149733339829254
param_20106,real_002,0.7984124468001284,0.7008133472021889,25,1329.6132885742188,0.015530447663622908,0.004398818188419682
param_20106,real_003,0.7142964194652366,0.5310388229736805,25,910.1446817016601,0.027377901208237746,0.011090068563207751
param_20106,real_004,0.807265120646444,0.6731812729934323,25,1210.8116169738769,0.019704333255067468,0.00518259076459799
param_20106,real_005,0.7672086957297297,0.6124574958036916,25,547.4027890014648,0.024750190469203518,0.010410737367274124
param_20107,real_001,0.7936675913900559,0.6775027751099779,25,2179.8579139709473,0.025836381540284493,0.006180530205529067
param_20107,real_002,0.8187068039527386,0.753406757361459,25,1972.7946907043456,0.019621928556007334,0.004012612879814696
param_20107,real_003,0.726712242442471,0.6064896462454528,25,2014.9518016052245,0.03262001840397716,0.00940909751909203
param_20107,real_004,0.7656723874492992,0.6695669268220067,25,2760.263977203369,0.03006817401270382,0.007175191345595522
param_20107,real_005,0.7983460662543905,0.6986968030714668,25,1806.0626036071778,0.025218030874966643,0.0058685527574562
param_20108,real_001,0.7831700370822102,0.309467361220581,25,1708.571862335205,0.027148812513332815,0.021988947778590954
param_20108,real_002,0.8194210309565858,0.43291419844559287,25,1869.5976013183595,0.02867086785088759,0.02118459642661037
param_20108,real_003,0.8432143846952367,0.3851842094427543,25,2163.5335568237306,0.02181020255142357,0.016233917061181272
param_20108,real_004,0.8707305473349681,0.47875973909486186,25,2120.5872288513183,0.01713594815286342,0.010496037831180728
param_20108,real_005,0.8135784364384361,0.32386267509082023,25,2645.57563949585,0.020400136259268037,0.014557572885823902
param_20109,real_001,0.7747305832057136,0.3277783219023849,25,1690.7579718017578,0.028337222284753806,0.021785858981020284
param_20109,real_002,0.8138323147244599,0.44927529454514814,25,1721.8851953125,0.027485549817210995,0.018460230999917258
param_20109,real_003,0.8395965732111543,0.39702279609631924,25,2096.0032518005373,0.021950276750139892,0.015665205483091995
param_20109,real_004,0.8711816517231806,0.49948390664404124,25,2114.9744775390627,0.016900915205478668,0.009880472342774737
param_20109,real_005,0.8096024974949815,0.3427023515554082,25,2437.069104156494,0.020869409327278845,0.014446505250525661
param_20110,real_001,0.7701361871149058,0.3434102971424982,25,1735.7998928833008,0.028887633580598048,0.02225412692729151
param_20110,real_002,0.8107670486208036,0.46455766112994973,25,1844.6638258361816,0.02878234728355892,0.01955996582080843
param_20110,real_003,0.8377239327655012,0.4196876109189624,25,1997.8022494506836,0.022201007536496037,0.015632726912444925
param_20110,real_004,0.8688687765710044,0.5141528009195894,25,2122.489694213867,0.01722950328839943,0.009789651743485592
param_20110,real_005,0.806566744841829,0.3596655184827329,25,2325.8048585510255,0.0212214063241845,0.014470760310214246
param_20111,real_001,0.7528287923298845,0.4384838718989515,25,1957.8941680908204,0.031866392488591376,0.018175980232626898
param_20111,real_002,0.7791780554184287,0.5201449305179674,25,1670.593860168457,0.028409146120538936,0.014673179609962972
param_20111,real_003,0.8147902803574225,0.4667503745801918,25,1741.533644104004,0.022720201502670533,0.013000126990955324
param_20111,real_004,0.8575387079945233,0.5713800471618411,25,1974.9741969299316,0.01800581161456648,0.008754640366823878
param_20111,real_005,0.7938395009755488,0.4373200332460078,25,1626.3867024230958,0.021943817586288786,0.011530835857993225
param_20112,real_001,0.746175362299325,0.5075308490747904,25,1522.0077940368653,0.028073666595155373,0.011985277392013813
param_20112,real_002,0.7837785187565046,0.6154342631854525,25,1562.6608827209473,0.027912805312662384,0.011382047324368615
param_20112,real_003,0.8094519100778078,0.5663677778021071,25,1246.4666748046875,0.022737980818492362,0.010281597148350556
param_20112,real_004,0.8546792291749251,0.6688864957654438,25,1668.410577697754,0.01790024685615208,0.006319428491697181
param_20112,real_005,0.7961275813308039,0.5581810357555936,25,1338.960419921875,0.021269275248632768,0.009099779837051757
param_20113,real_001,0.7542008790330901,0.6525762263559882,25,2669.224725494385,0.0316762223362457,0.00853456937300507
param_20113,real_002,0.7509315171158215,0.6622295762857218,25,2370.6685948181153,0.030403453860781155,0.008323689654425835
param_20113,real_003,0.8026844948865682,0.6390372863331525,25,1552.60689163208,0.024801802265574224,0.007206977895111777
param_20113,real_004,0.8489682489298122,0.7325795098394213,25,1545.9238412475586,0.01988477063481696,0.005166165746195475
param_20113,real_005,0.7927983907875041,0.6502747148810342,25,1847.5996229553223,0.026520278986427,0.0064314712471241365
param_20114,real_001,0.7708660908224694,0.3578161805706982,25,1931.4089190673828,0.03196260579046793,0.025730077614134643
param_20114,real_002,0.7883162717634705,0.45629474320047286,25,2302.2089865112303,0.03311405747779645,0.02656860251998296
param_20114,real_003,0.7941231444945724,0.4013662799836347,25,1765.1657987976075,0.023814375163638032,0.019036693846283016
param_20114,real_004,0.8365482170029169,0.46440305202261045,25,2085.6281925964354,0.020246824527275747,0.013165321577107534
param_20114,real_005,0.7882789655475609,0.3804241377192543,25,1146.106830291748,0.03172666130936705,0.02926483336981619
param_20115,real_001,0.7638784200804065,0.3728836679817303,25,1963.776007537842,0.03221400014299434,0.02378481084102532
param_20115,real_002,0.7823884352262435,0.4647305193022001,25,2272.6866390991213,0.03289516683551483,0.024387514567933977
param_20115,real_003,0.7916104058102631,0.4109521677082168,25,1816.752761077881,0.023522058903472497,0.01719280960736796
param_20115,real_004,0.8301511715238732,0.4773206694136367,25,2047.4314468383789,0.0206165206519654,0.012577577634365298
param_20115,real_005,0.7854085348064876,0.390191534531386,25,975.9060469055175,0.030575711432029494,0.025677590637351387
param_20116,real_001,0.7621547923538866,0.38974179950203036,25,1970.5395437622071,0.03246521866414696,0.02372010912746191
param_20116,real_002,0.7784718820938182,0.47607878764670164,25,2361.588893585205,0.03353547651553526,0.02480337273256737
param_20116,real_003,0.7881907385885393,0.42494743947852365,25,1750.672558746338,0.023812703527510165,0.017160536156006857
param_20116,real_004,0.8298649216209957,0.4944408362319052,25,2082.0847645568847,0.020706530278548598,0.012363248249894241
param_20116,real_005,0.7813925319749012,0.40407254118773234,25,1154.5659368896484,0.03174529037438333,0.02754828079530853
param_20117,real_001,0.7393172849352548,0.4473169429933172,25,2443.2972860717773,0.035693293330841695,0.020639903439732734
param_20117,real_002,0.7608096754942645,0.532939919802051,25,2091.644912109375,0.031521917495992965,0.016636765319271943
param_20117,real_003,0.7732180545408847,0.45165736498247466,25,1623.7449751281738,0.024435789473354817,0.013916120068461168
param_20117,real_004,0.823661480863316,0.5512878121107069,25,1916.5584391784669,0.021289002408157103,0.010455583791481331
param_20117,real_005,0.7725755573445131,0.45759740258853476,25,964.4191036987305,0.026983759771683255,0.014761031305242795
param_20118,real_001,0.7560486176872507,0.5560749428068674,25,1888.3100019836427,0.029774581079254858,0.012281829615239985
param_20118,real_002,0.7565005548288625,0.6192802205245073,25,1964.557210998535,0.031043426825199276,0.012489164390863151
param_20118,real_003,0.762186727311269,0.5468002136977784,25,1234.1963539123535,0.025188893006416038,0.010837158914655446
param_20118,real_004,0.830841647743932,0.6691327101834262,25,1651.903540649414,0.019127456178539434,0.006674404332006816
param_20118,real_005,0.7702881705872765,0.581287051276956,25,757.8410008239746,0.025931002757279203,0.011568540620646672
param_20119,real_001,0.7548585231863205,0.6422352729262496,25,2636.7563233947753,0.03293680117814802,0.009549357561336364
param_20119,real_002,0.7475032121996725,0.6609786480712663,25,2088.050242919922,0.029179384795133954,0.008247559911760618
param_20119,real_004,0.8409686546500148,0.725084478182535,25,1574.934340362549,0.020333238971652463,0.005769192152074538
param_20119,real_005,0.7862670325476705,0.6508282400724704,25,1827.652045288086,0.027158060930669307,0.006675392910037772
param_20120,real_001,0.7662766553574275,0.3953914612340851,25,1956.4483515930176,0.01977821572276298,0.013004213335807435
param_20120,real_002,0.771276689252605,0.46343288712487307,25,2604.2623233032227,0.019904472847119905,0.0122429027792532
param_20120,real_003,0.7635538759357917,0.34498666404463807,25,1196.33289642334,0.02923024171672296,0.022484133445541375
param_20120,real_004,0.7495776486780941,0.34882591057770235,25,1141.197226715088,0.02664041111478582,0.02326980155223282
param_20120,real_005,0.845890223192487,0.4679656910819034,25,1371.2160763549805,0.01932989424909465,0.013907730780774728
param_20121,real_001,0.7563314571304945,0.4117786464633205,25,1936.6967953491212,0.020335327608627267,0.0126518789306283
param_20121,real_002,0.774430405003182,0.4870450076488335,25,2473.7267877197264,0.019679163336986674,0.011502826335781719
param_20121,real_003,0.7625034789284902,0.35436603716030457,25,1202.9946125793458,0.029999313629232346,0.02207838827598607
param_20121,real_004,0.7441329513247871,0.3596888356121389,25,1181.2697132110595,0.02723009024921339,0.02192797490803059
param_20121,real_005,0.8453081358198092,0.47954293714482943,25,1405.8646914672852,0.019350645617814733,0.012607905010809191
param_20122,real_001,0.7533823952029566,0.42081138227626125,25,1909.696014251709,0.02003740596002899,0.012131341975327814
param_20122,real_002,0.7661862293549128,0.49650795564233374,25,2412.3746313476563,0.020010002949857154,0.011367998340720078
param_20122,real_003,0.7564141118145459,0.36657168811364527,25,1214.080086517334,0.030269464471493847,0.022022499364829855
param_20122,real_004,0.7410463064298892,0.37357880125104165,25,1147.851473464966,0.0276821050059516,0.02217052970518125
param_20122,real_005,0.8458724098221133,0.49636816978103654,25,1250.027689819336,0.019130297428928314,0.012358001820539357
param_20123,real_001,0.7606793577131209,0.5100289014408519,25,1563.2495266723633,0.02203001518326346,0.011390797748608747
param_20123,real_002,0.7919043263702531,0.5784316450538245,25,2179.371634674072,0.020257576187723315,0.00942303924675798
param_20123,real_003,0.7483479951024552,0.40725926293292686,25,1302.5286380004882,0.030674846783513204,0.017643491339695175
param_20123,real_004,0.7328295407144282,0.4122744978225707,25,1667.8153909301757,0.028641680658911355,0.015113674692402128
param_20123,real_005,0.8474495462972625,0.5474101496991559,25,1281.42435836792,0.020174664173391647,0.010165389561734628
param_20124,real_001,0.7375225802641441,0.5596303827842,25,1304.919250946045,0.021487592398771085,0.008428011114010587
param_20124,real_002,0.7744784917346886,0.6312254320020756,25,1830.0370135498047,0.020979599450947718,0.0075892011936957715
param_20124,real_003,0.7333310487085973,0.49967466385565085,25,1271.4179483032226,0.030514230456901714,0.013284738978982205
param_20124,real_004,0.7189936173108278,0.4936476331663689,25,1774.9123033142089,0.030401345156133176,0.012441404253695509
param_20124,real_005,0.8572157536978777,0.682044987023927,25,914.2417817687988,0.017275840159272776,0.006554221592232352
param_20125,real_001,0.7973682402897683,0.6923935422392029,25,1431.216273803711,0.023476303831557743,0.006864116306096548
param_20125,real_002,0.823051811208392,0.7178199563616707,25,1663.579708709717,0.021129752701381222,0.0055319398002029625
param_20125,real_003,0.7415722972965688,0.5575182114935687,25,1678.8781547546387,0.03169998294615652,0.010390221268608002
param_20125,real_004,0.7482407707775804,0.5766530385105,25,2399.6639839172362,0.03180163349839859,0.00934728511943831
param_20125,real_005,0.886312925705154,0.7945561021663946,25,1263.9174635314941,0.017376199433929287,0.00405633829512226
param_20126,real_001,0.8146802498787306,0.338323485147456,25,3518.1135466003416,0.017109290769440122,0.012485641851089895
param_20126,real_002,0.8193630500876669,0.3778396870776002,25,1442.3503056335448,0.024548926955321803,0.016440829279017636
param_20126,real_003,0.8137067114307398,0.3039073860840578,25,1430.9617416381836,0.025117402747273445,0.019627946974360384
param_20126,real_004,0.8063221219826678,0.3151565938683261,25,1625.471283569336,0.02464358372904826,0.018119478189910297
param_20127,real_001,0.8160977138163265,0.365662687621012,25,3415.892387084961,0.01747664498980157,0.012406251492793672
param_20127,real_002,0.8122427681776807,0.38320335392042765,25,1167.2997792053222,0.026012154474738054,0.017058205293724312
param_20127,real_003,0.8091841164354912,0.3229171821337418,25,1575.9670867919922,0.024350798703962936,0.01767324262735201
param_20127,real_004,0.8004239055075285,0.32289755517097396,25,1485.930146636963,0.025252967728301882,0.01745993195072515
param_20127,real_005,0.8577844947245636,0.4234880792664064,25,1834.7440440368653,0.017943725936347618,0.011482133989629802
param_20128,real_001,0.8081984767382248,0.3760680795101397,25,3382.488646850586,0.01761424639611505,0.012069522997480818
param_20128,real_002,0.8109919224008344,0.4052240562153274,25,1099.9990312194825,0.026173668391420504,0.016932357616897206
param_20128,real_003,0.8057866239909467,0.33947989975846404,25,1386.280192565918,0.02525113204261288,0.018386045926454243
param_20128,real_004,0.7960366342626781,0.3430899201450533,25,1423.909629058838,0.025561699247336946,0.017609840554505353
param_20128,real_005,0.8544787266688687,0.4443128525119163,25,1791.3963932800293,0.018037869413383305,0.011329543370229657
param_20129,real_001,0.8146593011636136,0.4733158646285617,25,2945.7277261352538,0.01878719015279785,0.011014850231294986
param_20129,real_002,0.7702886108131941,0.41598219518295015,25,975.2587564086914,0.028054309754515998,0.014631732134439517
param_20129,real_003,0.7776573710329368,0.4074362462678402,25,1639.9264659118653,0.02408136320358608,0.013518691549688811
param_20129,real_004,0.7591290288977628,0.38774165883832057,25,1397.980679473877,0.029034056636155582,0.0159782023425214
param_20129,real_005,0.847497211458166,0.5148318836253636,25,1583.6654443359375,0.019240426651667804,0.00918983368537738
param_20130,real_001,0.7725881917035994,0.5208286252778478,25,2413.579302062988,0.020148402947816068,0.009047477805870585
param_20130,real_002,0.7994753915232329,0.5804041456372294,25,848.2035612487794,0.02568285509943962,0.01078130183937901
param_20130,real_003,0.7806151419954023,0.5177567472983384,25,1014.0510968017578,0.025016009027604015,0.011454751981145818
param_20130,real_004,0.7600761051570122,0.5107905862215208,25,1113.7592556762695,0.02729879634338431,0.012020156259386567
param_20130,real_005,0.8445294853258949,0.622154223474261,25,1297.4631185913086,0.018452357122441754,0.006663311467273161
param_20131,real_001,0.8228370722849209,0.6628368773581844,25,1709.9797270202637,0.021457798478077165,0.0064175087045441614
param_20131,real_002,0.7446160690986549,0.5892563625057241,25,2386.9961376953124,0.032287715293932706,0.008504774993125465
param_20131,real_003,0.7616708587013119,0.5866284635790372,25,1862.7740869140625,0.02862598939333111,0.007940395585101213
param_20131,real_004,0.7265166323159968,0.5695009979377921,25,2343.5942547607424,0.03456168554315809,0.00987456790280703
param_20131,real_005,0.8361520012795554,0.7254476448744832,25,2727.5355628967286,0.021225058699492365,0.004442009237172897
param_20132,real_002,0.8007837908653725,0.4193443975507455,25,1696.6996365356445,0.030362555906176567,0.025109562749566976
param_20132,real_003,0.7963960172189475,0.3906018061330299,25,1495.5593661499024,0.024539249323424883,0.02121649723936571
param_20132,real_004,0.8402708752378554,0.4654554768544491,25,1457.4336676025391,0.024624726455076597,0.019093593267025425
param_20132,real_005,0.7974543010922703,0.3627765481443188,25,978.1702381896972,0.03159213309991173,0.029438990644703154
param_20133,real_001,0.7903857621560665,0.38219361003802377,25,903.6012153625488,0.026958005321212113,0.02053260413027601
param_20133,real_002,0.7968617571715096,0.4380670464201003,25,1661.6237777709962,0.030062538984930144,0.02272540590027347
param_20133,real_003,0.7918613622353857,0.4015115362968564,25,1544.3433987426758,0.024409848664072344,0.019241420893522446
param_20133,real_004,0.8327408299688028,0.4813719051385055,25,1556.417385559082,0.025613747058669104,0.018811826965538785
param_20133,real_005,0.7929971896531831,0.36902885012409903,25,849.5612844848633,0.030598621761309914,0.025841397240874357
param_20134,real_001,0.7879476899449043,0.3968483535683261,25,730.870665435791,0.027897902159020306,0.022083890326175606
param_20134,real_002,0.7947355397998734,0.4552666610216793,25,1702.4215231323242,0.030579118558089247,0.023279391550313448
param_20134,real_003,0.7891076163458086,0.41391520788478736,25,1501.043710784912,0.02468719275202602,0.019412006676429883
param_20134,real_004,0.832822049114966,0.4993240274684512,25,1560.6082098388672,0.025545037374831735,0.018508502400509316
param_20134,real_005,0.7902594153492047,0.3822373694994441,25,1031.3834007263183,0.031698561687371694,0.027626841182500358
param_20135,real_001,0.7807819255722034,0.476788378835335,25,1766.5677137756347,0.027778491695644333,0.014611818748526274
param_20135,real_002,0.7650590639107822,0.5168151993716258,25,1780.7784828186036,0.030045356831979005,0.015580661840940592
param_20135,real_003,0.7728321540083953,0.46075374678527703,25,1402.1904777526856,0.025366041246452368,0.015045375531772152
param_20135,real_004,0.8221027775830543,0.5646458437512981,25,1602.2413526916505,0.024476067204377613,0.013823457847902319
param_20136,real_001,0.7860588818733167,0.5639040470939,25,1293.4437435913087,0.026088600860675798,0.010841060152815772
param_20136,real_002,0.76383292453021,0.6023170208710714,25,1723.315382080078,0.029433711619349198,0.011706415308071882
param_20136,real_003,0.7620876387273899,0.5461169061095857,25,1025.2893629455566,0.025150737404474058,0.011212947066378548
param_20136,real_004,0.8317638779259983,0.6689652480735763,25,1226.533346862793,0.020947929811663924,0.008492940666037611
param_20136,real_005,0.7899696512093503,0.5955309775477154,25,623.5728604125976,0.025003296285285616,0.010722660433675629
param_20137,real_001,0.793336696091021,0.6743888373264322,25,2357.923312835693,0.02821511887595989,0.007573009813058889
param_20137,real_002,0.7528077789419619,0.6607721784438979,25,2253.4371600341797,0.029568114481517114,0.008111731077879086
param_20137,real_003,0.7893661236676958,0.6412493198910026,25,1506.281025543213,0.026044022347196005,0.007681075988439261
param_20137,real_004,0.84181361898952,0.7382710583401204,25,1641.5507202148438,0.021031374958110974,0.006545933542511193
param_20137,real_005,0.8053407751968362,0.684573119878035,25,1812.73332611084,0.02590378049761057,0.005976614313840401
param_20138,real_001,0.7718998827525247,0.3559641507052546,25,697.8514485168457,0.028974558910704218,0.024140287362097296
param_20138,real_002,0.780113755333847,0.4096228912715624,25,2216.729208831787,0.03479826607159339,0.0332050540408818
param_20138,real_003,0.7792518555504283,0.39964490096989036,25,1453.890848236084,0.031222195709706285,0.03280497912463034
param_20138,real_004,0.8240784286774102,0.4819088854441005,25,1728.5783387756348,0.025994499923544936,0.021816767785639967
param_20138,real_005,0.7805116795198512,0.3915342704318023,25,895.2814608764648,0.03080523839860689,0.02647901263582753
param_20139,real_001,0.7735015560615861,0.38504299361073485,25,891.6215187072754,0.02787788246583659,0.019679090319550598
param_20139,real_002,0.7734635728496281,0.4228833121262361,25,2181.8931883239748,0.03439669904008042,0.030157131951709742
param_20139,real_003,0.7724607616022281,0.40808138647854797,25,1365.6217822265626,0.030343669970752673,0.02857197346544126
param_20139,real_004,0.8121521909170558,0.48915860843626036,25,1774.9322319030762,0.026938286781078204,0.02091721807635622
param_20139,real_005,0.7766747842491446,0.38737212320294323,25,799.2809690856934,0.030057560704299248,0.023459565094381105
param_20140,real_001,0.7699232369978938,0.3955516781194593,25,786.5574490356445,0.028769835269195028,0.02095758698458667
param_20140,real_002,0.7713615886160815,0.44068264707309573,25,2251.731078643799,0.03493755024916027,0.030983928103814833
param_20140,real_003,0.7694933792058588,0.42254102182447034,25,1472.6681072998047,0.031203344211680816,0.029910535930976038
param_20140,real_004,0.8125435378453741,0.5032281642758585,25,1821.5986668395997,0.027088364295195788,0.021081321972887965
param_20140,real_005,0.7727764930838396,0.4004644264447583,25,990.8445697021484,0.03116936258331407,0.02518700895627262
param_20141,real_001,0.7679865351391861,0.47134997597329287,25,1983.279536590576,0.028662549958680755,0.014654789055348373
param_20141,real_002,0.752999976687472,0.5076838479752009,25,2006.3072407531738,0.03109929134254344,0.01680717847251799
param_20141,real_003,0.7575227055932051,0.459152504064961,25,1060.5635957336426,0.027646868834854104,0.016959311589453137
param_20141,real_004,0.8001088571446267,0.5647076447345892,25,1729.2008673095704,0.025468856805819087,0.01373254499398172
param_20142,real_001,0.7825242374013445,0.5780333143173277,25,1487.0684342956542,0.02743376397585962,0.011134518223407212
param_20142,real_002,0.748465804656883,0.5985261865425321,25,1817.6013055419921,0.029682960510835982,0.01171486183629895
param_20142,real_003,0.7494648290409001,0.5526176366378032,25,869.0955993652344,0.02754190323932562,0.012599438723555068
param_20142,real_004,0.8171305912791511,0.6804665109730924,25,1265.0960662841796,0.020613558655022644,0.007830790602092748
param_20142,real_005,0.7857836044546113,0.6139508935349808,25,743.753369140625,0.025182395855663346,0.009962239087471972
param_20143,real_001,0.8025574282346588,0.6787682188076798,25,2400.153869781494,0.027460143658099696,0.007416444993286859
param_20143,real_002,0.7584150702686479,0.6638734768329073,25,2304.7741566467284,0.0283705707982881,0.007590921854134649
param_20143,real_003,0.7806682873998928,0.6392392202790259,25,1434.3423233032227,0.026672601945465432,0.00797289549242123
param_20143,real_004,0.8364786773280422,0.7397313713557904,25,1780.2084838867188,0.021665115982759744,0.006525221967167454
param_20143,real_005,0.8042215433118524,0.6943846952467158,25,1828.265924987793,0.02558394544001203,0.005717532552662306
param_20144,real_001,0.7619590508288354,0.3012451223757086,25,2496.520625457764,0.021040852088481186,0.013988825125561561
param_20144,real_002,0.8176077255883082,0.3544775817301622,25,2102.278538513184,0.02226642174529843,0.015740109245816713
param_20144,real_003,0.8014623829141595,0.36932638460513734,25,2939.2571385192873,0.018331508397241122,0.011862107619235758
param_20144,real_004,0.8067238221258789,0.3385346409580158,25,3648.3175660705565,0.016586703454959207,0.012322594179131556
param_20144,real_005,0.8092095324420393,0.32582790962496666,25,3202.636950378418,0.018171722416882405,0.01286312225391157
param_20145,real_001,0.7578124288685225,0.3097447499464613,25,2174.8647595214843,0.022319975600694306,0.01434995238290867
param_20145,real_002,0.8088491397451194,0.3592208745302925,25,2144.518393096924,0.02208659094001632,0.014828273248276673
param_20145,real_003,0.7960328519840345,0.38423778302405587,25,2756.092057647705,0.018801683902274817,0.011697798076784238
param_20145,real_004,0.8065474412313605,0.36154238173952685,25,3611.625475463867,0.01670213830424473,0.012151848574285395
param_20145,real_005,0.8119057694311266,0.3466778952303708,25,3071.8880714416505,0.018655072335386647,0.012834444015170447
param_20146,real_001,0.7527635803519519,0.32561395936316195,25,2049.4857427978513,0.02274044365971349,0.01427715701633133
param_20146,real_002,0.8071980653455904,0.3834022250899484,25,1979.2558268737794,0.022659057123237288,0.015075321543408791
param_20146,real_003,0.7914528535061536,0.4003521547424976,25,2725.0821031188966,0.018892077989294195,0.011359309826948447
param_20146,real_004,0.7999089456960502,0.3765762302996968,25,3600.1987843322754,0.016739492292981595,0.011782441711839056
param_20146,real_005,0.8043913425168034,0.3600687052242892,25,3007.8683863830565,0.018896777702029795,0.012590502755192573
param_20147,real_001,0.7314071529662489,0.38158329369289723,25,1392.7702676391602,0.027796348982374184,0.014091898697370198
param_20147,real_002,0.7763700140169242,0.4201961981431845,25,1482.7221757507325,0.02440289654536173,0.013093565243034391
param_20147,real_003,0.768248025284118,0.468169074050354,25,1552.5374859619142,0.023809017995372415,0.011491667532245628
param_20147,real_004,0.7992065624609351,0.45207847431272014,25,2997.6125170898435,0.018625506269745528,0.010938385018962436
param_20147,real_005,0.8185597426848084,0.4468471647734635,25,2244.536968536377,0.020610578496707603,0.011586406821443233
param_20148,real_001,0.7196756210069566,0.4653605941786156,25,1154.3838749694823,0.026374993358622305,0.011023537100263638
param_20148,real_002,0.784048501666179,0.5502384662725697,25,1388.4023155212403,0.02242356329690665,0.009696611963008764
param_20148,real_003,0.7772451634918797,0.5747252161718304,25,1711.5788175964356,0.020300656770705246,0.0076874317090550905
param_20148,real_004,0.774971907008692,0.5491314185494331,25,2867.481575164795,0.018001377432374285,0.008536471302504652
param_20148,real_005,0.7960725224858407,0.5513716358907708,25,2117.7124687194823,0.02032884274434764,0.009203554918931331
param_20149,real_001,0.7193101268768705,0.5643079400096632,25,2636.828949127197,0.034946385646471755,0.009406556609683321
param_20149,real_002,0.7560942591461983,0.6148415930719999,25,2167.329342803955,0.02950507487752475,0.007745251263550017
param_20149,real_003,0.7514903877791309,0.6360472971946537,25,1991.800591430664,0.028596358679351397,0.00696788608962379
param_20149,real_004,0.7953103690976709,0.6403476942193668,25,1598.3080731201171,0.02418907300569117,0.006695971123990603
param_20149,real_005,0.8307502713522134,0.6651228736196196,25,1479.3821742248535,0.021999361305497588,0.006093432547786506
param_20150,real_001,0.7845942547215224,0.3883858546889168,25,1268.1793743896485,0.02470245086355135,0.016224100764666217
param_20150,real_002,0.8594819572003283,0.49016756041176657,25,2012.1374963378905,0.016445583541644736,0.011154510044143535
param_20150,real_003,0.8097400935763305,0.39369750203326137,25,2217.2606805419923,0.021531092509976587,0.016852414784370922
param_20150,real_004,0.8148235453873539,0.40841151787320334,25,1836.0656593322753,0.022223055434878916,0.014824235136911739
param_20150,real_005,0.8080603578360094,0.35563288549127026,25,1843.559274597168,0.023367379851988515,0.016992805732879788
param_20151,real_001,0.773239871246054,0.40076059817735016,25,1114.0548515319824,0.02633312811027281,0.016521196199464613
param_20151,real_002,0.8687269166322155,0.5140653105228625,25,1701.8489065551757,0.016887078906293027,0.01064566239452688
param_20151,real_003,0.8056307526885115,0.40522450649231956,25,1935.5492120361328,0.02249916402972303,0.017249875878915192
param_20151,real_004,0.8146950954758929,0.43628158291624475,25,1543.267132873535,0.022838738024584016,0.014428707796614617
param_20151,real_005,0.804981345962704,0.37443031776773705,25,1889.0898934936524,0.023017267656396143,0.015819387465307956
param_20152,real_001,0.7704006256453355,0.4136868754483949,25,1032.6147291564941,0.026689561312668957,0.016827842186030464
param_20152,real_002,0.8675474666494495,0.5293588383690295,25,1612.932989654541,0.0168046413914999,0.010471784422843484
param_20152,real_003,0.8062649418220293,0.4257304443561487,25,1859.5427412414551,0.022596290486981162,0.017241971806797665
param_20152,real_004,0.8130611132629213,0.4471650649633013,25,1449.1950593566894,0.022969153503654523,0.014370925188704859
param_20152,real_005,0.8034817342402557,0.3961473517406169,25,1804.2332112121583,0.023430599923594853,0.015931954152765684
param_20153,real_001,0.7412003553294894,0.4636026176285658,25,1216.9526049804688,0.029246683796518482,0.014005825077474584
param_20153,real_002,0.8758856655059261,0.6156588769800679,25,1139.701456451416,0.01642525104805827,0.0075618533977831245
param_20153,real_003,0.7878243595008421,0.47554460152576566,25,1082.7807534790038,0.025039621186442672,0.014137070566794136
param_20153,real_004,0.8115099970253574,0.5393788344306253,25,1315.7370762634278,0.02477218450163491,0.012380076180561446
param_20153,real_005,0.7913113189201332,0.4388169294618514,25,1551.2335966491698,0.023350109634338877,0.013393188260233729
param_20154,real_001,0.7561998771219021,0.5621312856000222,25,1103.1647575378418,0.027676435895846226,0.010512610744408448
param_20154,real_002,0.8867535961397094,0.7186310377145031,25,1217.7272982788086,0.015045090343919583,0.005407898181219934
param_20154,real_003,0.802695226255219,0.5964609219410059,25,1326.1880818176269,0.02184124266554136,0.009842608594408376
param_20154,real_004,0.8052504498802884,0.6021736833945712,25,1120.6682772827148,0.020380342401913366,0.0073742583864805054
param_20154,real_005,0.790325632499158,0.5683219785146593,25,1150.6751905822755,0.02319849565916229,0.010248135269066552
param_20155,real_002,0.9028702123470205,0.8114013733887302,25,847.4605891418457,0.013939151216181927,0.0026474161116493635
param_20155,real_003,0.8030699741849315,0.674540557225697,25,1930.4639509582519,0.0258724470162997,0.0063303173873282504
param_20155,real_004,0.8264041969390185,0.7059161905232111,25,1678.2191958618164,0.02354862113017589,0.005984353519525029
param_20155,real_005,0.7986817673186273,0.6494662988031215,25,1525.129529724121,0.023764638944994657,0.006711581064373604
param_20156,real_001,0.7576758172167349,0.3832392122622283,25,1165.5704667663574,0.02620486566040199,0.019815801196091342
param_20156,real_002,0.7811282933519539,0.4433449277936535,25,1317.6213745117188,0.02911944726598449,0.025295164242270404
param_20156,real_003,0.7976860251020871,0.3632507602389584,25,1738.9877532958985,0.02209590715530794,0.01968319764971966
param_20156,real_005,0.7755561808182577,0.4680279505075991,25,2145.1282920837402,0.035627629386144694,0.03797905936837196
param_20157,real_001,0.7517999138472756,0.3967234849335184,25,828.7413122558594,0.02778131964383647,0.01975443513627397
param_20157,real_002,0.7813678314353288,0.4502800809126132,25,1353.3615002441406,0.027580583260860294,0.019932144132326357
param_20157,real_003,0.7967541363616933,0.39077584668096854,25,1568.9210987854003,0.022645956816268152,0.018490257608355022
param_20157,real_004,0.7644929260027162,0.3664262912568772,25,1210.564913330078,0.022987567652598954,0.015719819691148586
param_20157,real_005,0.7704715797842779,0.4862607177702789,25,1936.12032913208,0.034009177464758976,0.03099390394054353
param_20158,real_001,0.7476681620533497,0.42578695388890253,25,781.7331204223633,0.027935529432143086,0.01979030678761774
param_20158,real_002,0.778728800359111,0.46303035864674913,25,1287.5306172180176,0.027605788521468638,0.02007518652273575
param_20158,real_003,0.795083991652428,0.40314686428553187,25,1559.0579299926758,0.022424952114815825,0.018355733123462413
param_20158,real_004,0.7630222051447358,0.3783736312247219,25,1167.8726094055176,0.022994259666302242,0.0155735532399558
param_20158,real_005,0.766444392725779,0.4911523490169463,25,2134.281153411865,0.034950154404505156,0.03251447744725738
param_20159,real_001,0.7431987295439769,0.47901006715663685,25,975.0318537902832,0.02956202789093368,0.0162373434730398
param_20159,real_002,0.7902688145200785,0.540015213400931,25,1276.7944592285157,0.024808922770316714,0.011231895552773494
param_20159,real_003,0.7995178552496496,0.4781433617996222,25,826.7175543212891,0.02346714433457237,0.01428358898148872
param_20159,real_004,0.751053293088991,0.43787130475962127,25,850.0761311340332,0.026372103598550894,0.014622182336461264
param_20159,real_005,0.7527276560051104,0.5405013781528241,25,1579.391664428711,0.030686707791755908,0.01876223868370289
param_20160,real_001,0.7481292879432957,0.5930300903784772,25,995.5540048217773,0.026832826554891654,0.009874167909438257
param_20160,real_002,0.801030513888473,0.6439926779259865,25,967.5904814147949,0.020467615856323392,0.006419082718202844
param_20160,real_003,0.7817341823658042,0.5842399260411159,25,1118.2051725769043,0.020000326219014822,0.008555910115537699
param_20160,real_004,0.7491036391056738,0.523880042780176,25,758.1318656921387,0.022847354414407165,0.009806513223957154
param_20160,real_005,0.7772153225736242,0.6504986741318999,25,1594.4749209594727,0.027113058987888506,0.010349029610006255
param_20161,real_001,0.8217214508171378,0.7128092686984414,25,1305.232847595215,0.024395660597947427,0.006333972745705978
param_20161,real_002,0.8429935600679309,0.7415662695108991,25,1458.1125744628907,0.021701432610861958,0.004902119996550027
param_20161,real_003,0.8275214868121112,0.677174608261025,25,1000.3482580566406,0.02319645172683522,0.006513118782022502
param_20161,real_004,0.771793083184331,0.617343875965039,25,2295.517103729248,0.029876368334516883,0.009086853586195502
param_20161,real_005,0.8064682594577475,0.7214615276240618,25,2111.1042835998537,0.025724701762665062,0.0063783511189831185
