param_folder,alpha_L,alpha_T_ratio
param_000,0.62,1.0
param_001,0.62,1.0
param_002,0.62,1.0
param_003,0.62,1.0
param_004,0.62,1.0
param_005,0.62,1.0
param_006,0.62,1.0
param_007,0.62,1.0
param_008,0.62,1.0
param_009,0.62,1.0
param_010,0.62,1.0
param_011,0.62,1.0
param_012,0.62,1.0
param_013,0.62,1.0
param_014,0.62,1.0
param_015,0.62,1.0
param_016,0.62,1.0
param_017,0.62,1.0
param_018,0.62,1.0
param_019,0.62,1.0
param_020,0.62,1.0
param_021,0.62,1.0
param_022,0.62,1.0
param_023,0.62,1.0
param_024,0.62,1.0
param_025,0.62,1.0
param_026,0.62,1.0
param_027,0.62,1.0
param_028,0.62,1.0
param_029,0.62,1.0
param_030,0.62,1.0
param_031,0.62,1.0
param_032,0.62,1.0
param_033,0.62,1.0
param_034,0.62,1.0
param_035,0.62,1.0
param_036,0.62,1.0
param_037,0.62,1.0
param_038,0.62,1.0
param_039,0.62,1.0
param_040,0.62,1.0
param_041,0.62,1.0
param_042,0.62,1.0
param_043,0.62,1.0
param_044,0.62,1.0
param_045,0.62,1.0
param_046,0.62,1.0
param_047,0.62,1.0
param_048,0.62,1.0
param_049,0.62,1.0
param_050,0.62,1.0
param_051,0.62,1.0
param_052,0.62,1.0
param_053,0.62,1.0
param_054,0.62,1.0
param_055,0.62,1.0
param_056,0.62,1.0
param_057,0.62,1.0
param_058,0.62,1.0
param_059,0.62,1.0
param_060,0.62,1.0
param_061,0.62,1.0
param_062,0.62,1.0
param_063,0.62,1.0
param_064,0.62,1.0
param_065,0.62,1.0
param_066,0.62,1.0
param_067,0.62,1.0
param_068,0.62,1.0
param_069,0.62,1.0
param_070,0.62,1.0
param_071,0.62,1.0
param_072,0.62,1.0
param_073,0.62,1.0
param_074,0.62,1.0
param_075,0.62,1.0
param_076,0.62,1.0
param_077,0.62,1.0
param_078,0.62,1.0
param_079,0.62,1.0
param_080,0.62,1.0
param_081,0.62,1.0
param_082,0.62,1.0
param_083,0.62,1.0
param_084,0.62,1.0
param_085,0.62,1.0
param_086,0.62,1.0
param_087,0.62,1.0
param_088,0.62,1.0
param_089,0.62,1.0
param_090,0.62,1.0
param_091,0.62,1.0
param_092,0.62,1.0
param_093,0.62,1.0
param_094,0.62,1.0
param_095,0.62,1.0
param_096,0.62,1.0
param_097,0.62,1.0
param_098,0.62,1.0
param_099,0.62,1.0
param_100,0.62,1.0
param_101,0.62,1.0
param_102,0.62,1.0
param_103,0.62,1.0
param_104,0.62,1.0
param_105,0.62,1.0
param_106,0.62,1.0
param_107,0.62,1.0
param_108,0.62,1.0
param_109,0.62,1.0
param_110,0.62,1.0
param_111,0.62,1.0
param_112,0.62,1.0
param_113,0.62,1.0
param_114,0.62,1.0
param_115,0.62,1.0
param_116,0.62,1.0
param_117,0.62,1.0
param_118,0.62,1.0
param_119,0.62,1.0
param_120,0.62,1.0
param_121,0.62,1.0
param_122,0.62,1.0
param_123,0.62,1.0
param_124,0.62,1.0
param_125,0.62,1.0
param_126,0.62,1.0
param_127,0.62,1.0
param_128,0.62,1.0
param_129,0.62,1.0
param_130,0.62,1.0
param_131,0.62,1.0
param_132,0.62,1.0
param_133,0.62,1.0
param_134,0.62,1.0
param_135,0.62,1.0
param_136,0.62,1.0
param_137,0.62,1.0
param_138,0.62,1.0
param_139,0.62,1.0
param_140,0.62,1.0
param_141,0.62,1.0
param_142,0.62,1.0
param_143,0.62,1.0
param_144,0.62,1.0
param_145,0.62,1.0
param_146,0.62,1.0
param_147,0.62,1.0
param_148,0.62,1.0
param_149,0.62,1.0
param_150,0.62,1.0
param_151,0.62,1.0
param_152,0.62,1.0
param_153,0.62,1.0
param_154,0.62,1.0
param_155,0.62,1.0
param_156,0.62,1.0
param_157,0.62,1.0
param_158,0.62,1.0
param_159,0.62,1.0
param_160,0.62,1.0
param_161,0.62,1.0
